director_nome,film_vector_id
James Cameron,19995
James Cameron,597
James Cameron,280
James Cameron,36955
James Cameron,2756
James Cameron,679
James Cameron,218
Gore Verbinski,285
Gore Verbinski,58
Gore Verbinski,57201
Gore Verbinski,44896
Gore Verbinski,22
Gore Verbinski,6073
Gore Verbinski,6963
Sam Mendes,206647
Sam Mendes,37724
Sam Mendes,4147
Sam Mendes,25
Sam Mendes,4148
Sam Mendes,19255
Sam Mendes,14
Christopher Nolan,49026
Christopher Nolan,155
Christopher Nolan,157336
Christopher Nolan,27205
Christopher Nolan,272
Christopher Nolan,320
Christopher Nolan,1124
Christopher Nolan,77
Andrew Stanton,49529
Andrew Stanton,10681
Andrew Stanton,12
Andrew Stanton,9487
Sam Raimi,559
Sam Raimi,558
Sam Raimi,68728
Sam Raimi,557
Sam Raimi,10390
Sam Raimi,12106
Sam Raimi,16871
Sam Raimi,10223
Sam Raimi,766
Sam Raimi,765
Sam Raimi,764
Byron Howard,38757
Joss Whedon,99861
Joss Whedon,24428
Joss Whedon,16320
David Yates,767
David Yates,258489
David Yates,675
Zack Snyder,209112
Zack Snyder,49521
Zack Snyder,13183
Zack Snyder,41216
Zack Snyder,23629
Zack Snyder,1271
Zack Snyder,924
Bryan Singer,1452
Bryan Singer,127585
Bryan Singer,81005
Bryan Singer,246655
Bryan Singer,36658
Bryan Singer,2253
Bryan Singer,36657
Bryan Singer,629
Marc Forster,10764
Marc Forster,72190
Marc Forster,1262
Marc Forster,45610
Marc Forster,866
Marc Forster,7979
Marc Forster,1365
Marc Forster,81220
Andrew Adamson,2454
Andrew Adamson,411
Andrew Adamson,809
Andrew Adamson,808
Andrew Adamson,94352
Rob Marshall,1865
Rob Marshall,1904
Rob Marshall,10197
Rob Marshall,224141
Rob Marshall,1574
Barry Sonnenfeld,41154
Barry Sonnenfeld,8487
Barry Sonnenfeld,608
Barry Sonnenfeld,607
Barry Sonnenfeld,2185
Barry Sonnenfeld,8012
Barry Sonnenfeld,2907
Peter Jackson,122917
Peter Jackson,57158
Peter Jackson,254
Peter Jackson,49051
Peter Jackson,120
Peter Jackson,7980
Peter Jackson,122
Peter Jackson,121
Peter Jackson,1024
Marc Webb,1930
Marc Webb,102382
Marc Webb,19913
Ridley Scott,20662
Ridley Scott,147441
Ridley Scott,70981
Ridley Scott,1495
Ridley Scott,286217
Ridley Scott,98
Ridley Scott,4982
Ridley Scott,855
Ridley Scott,12113
Ridley Scott,4421
Ridley Scott,10534
Ridley Scott,9726
Ridley Scott,4105
Ridley Scott,78
Ridley Scott,109091
Ridley Scott,348
Chris Weitz,2268
Chris Weitz,18239
Chris Weitz,16300
Chris Weitz,245
Chris Weitz,2105
Chris Weitz,55720
Anthony Russo,271110
Anthony Russo,100402
Anthony Russo,1819
Anthony Russo,9260
Peter Berg,44833
Peter Berg,8960
Peter Berg,10159
Peter Berg,4349
Peter Berg,193756
Peter Berg,10029
Colin Trevorrow,135397
Colin Trevorrow,84332
Shane Black,68721
Shane Black,5236
Tim Burton,12155
Tim Burton,118
Tim Burton,62213
Tim Burton,869
Tim Burton,364
Tim Burton,75
Tim Burton,587
Tim Burton,62214
Tim Burton,268
Tim Burton,3933
Tim Burton,162
Tim Burton,522
Tim Burton,4011
Tim Burton,87093
Brett Ratner,36668
Brett Ratner,5174
Brett Ratner,184315
Brett Ratner,5175
Brett Ratner,59108
Brett Ratner,9533
Brett Ratner,5994
Brett Ratner,10589
Brett Ratner,9416
Dan Scanlon,62211
Michael Bay,8373
Michael Bay,91314
Michael Bay,38356
Michael Bay,676
Michael Bay,1858
Michael Bay,95
Michael Bay,8961
Michael Bay,1635
Michael Bay,9802
Michael Bay,300671
Michael Bay,134374
Michael Bay,9737
Joseph Kosinski,20526
Joseph Kosinski,75612
John Lasseter,49013
John Lasseter,863
John Lasseter,920
John Lasseter,862
Martin Campbell,44912
Martin Campbell,36557
Martin Campbell,1656
Martin Campbell,11678
Martin Campbell,9342
Martin Campbell,710
Martin Campbell,12201
Martin Campbell,9839
Lee Unkrich,10193
McG,534
McG,9471
McG,4327
McG,59962
McG,11170
McG,192102
James Wan,168259
James Wan,259693
James Wan,138843
James Wan,11835
James Wan,91586
James Wan,49018
James Wan,176
J.J. Abrams,54138
J.J. Abrams,956
J.J. Abrams,13475
J.J. Abrams,37686
Baz Luhrmann,64682
Baz Luhrmann,6972
Baz Luhrmann,824
Baz Luhrmann,454
Mike Newell,9543
Mike Newell,674
Mike Newell,11820
Mike Newell,6639
Mike Newell,9366
Mike Newell,12596
Mike Newell,712
Guillermo del Toro,68726
Guillermo del Toro,11253
Guillermo del Toro,1487
Guillermo del Toro,36586
Guillermo del Toro,1417
Steven Spielberg,217
Steven Spielberg,267935
Steven Spielberg,74
Steven Spielberg,17578
Steven Spielberg,180
Steven Spielberg,644
Steven Spielberg,330
Steven Spielberg,594
Steven Spielberg,612
Steven Spielberg,879
Steven Spielberg,57212
Steven Spielberg,857
Steven Spielberg,72976
Steven Spielberg,329
Steven Spielberg,640
Steven Spielberg,89
Steven Spielberg,296098
Steven Spielberg,11831
Steven Spielberg,11519
Steven Spielberg,87
Steven Spielberg,424
Steven Spielberg,85
Steven Spielberg,840
Steven Spielberg,873
Steven Spielberg,578
Steven Spielberg,601
Steven Spielberg,15301
Peter Sohn,105864
Brenda Chapman,62177
Justin Lin,188927
Justin Lin,51497
Justin Lin,9615
Justin Lin,13983
Justin Lin,14290
Roland Emmerich,14161
Roland Emmerich,47933
Roland Emmerich,117251
Roland Emmerich,435
Roland Emmerich,2024
Roland Emmerich,602
Roland Emmerich,61891
Roland Emmerich,273899
Robert Zemeckis,17979
Robert Zemeckis,5255
Robert Zemeckis,2310
Robert Zemeckis,2655
Robert Zemeckis,686
Robert Zemeckis,8358
Robert Zemeckis,13
Robert Zemeckis,9374
Robert Zemeckis,165
Robert Zemeckis,196
Robert Zemeckis,285783
Robert Zemeckis,87502
Robert Zemeckis,105
Lilly Wachowski,76757
Lilly Wachowski,605
Lilly Wachowski,604
Lilly Wachowski,7459
Lilly Wachowski,603
Lilly Wachowski,9303
Pete Docter,14160
Pete Docter,150540
Pete Docter,585
Conrad Vernon,15512
Conrad Vernon,80321
Conrad Vernon,223702
Jon Favreau,1726
Jon Favreau,278927
Jon Favreau,10138
Jon Favreau,6795
Jon Favreau,10719
Jon Favreau,15745
Martin Scorsese,44826
Martin Scorsese,2567
Martin Scorsese,106646
Martin Scorsese,3131
Martin Scorsese,1422
Martin Scorsese,11324
Martin Scorsese,524
Martin Scorsese,203
Martin Scorsese,1598
Martin Scorsese,10436
Martin Scorsese,8649
Martin Scorsese,9746
Martin Scorsese,769
Martin Scorsese,1578
Martin Scorsese,12637
Martin Scorsese,11873
Martin Scorsese,11051
Martin Scorsese,103
Martin Scorsese,7944
Martin Scorsese,13963
Rob Cohen,1735
Rob Cohen,9799
Rob Cohen,10048
Rob Cohen,11228
Rob Cohen,7451
Rob Cohen,8840
Rob Cohen,94348
Rob Cohen,11478
Rob Cohen,241251
David Ayer,297761
David Ayer,228150
David Ayer,144336
David Ayer,1266
David Ayer,77016
David Ayer,7873
Tom Shadyac,2698
Tom Shadyac,310
Tom Shadyac,10052
Tom Shadyac,9327
Tom Shadyac,10312
Tom Shadyac,1624
Tom Shadyac,3049
Doug Liman,137113
Doug Liman,787
Doug Liman,8247
Doug Liman,2501
Doug Liman,38363
Doug Liman,9430
Doug Liman,10218
Kevin Reynolds,9804
Kevin Reynolds,8367
Kevin Reynolds,11362
Kevin Reynolds,335778
Kevin Reynolds,10448
Stephen Sommers,14869
Stephen Sommers,1734
Stephen Sommers,9457
Stephen Sommers,34723
Rupert Sanders,58595
Robert Stromberg,102651
Matt Reeves,119450
Matt Reeves,7191
Matt Reeves,41402
Matt Reeves,23570
Roland Joffé,79698
Roland Joffé,10533
Roland Joffé,45054
Carl Rinsch,64686
Mike Mitchell,10192
Mike Mitchell,55301
Mike Mitchell,11459
Mike Mitchell,10402
Brad Bird,158852
Brad Bird,56292
Brad Bird,9806
Brad Bird,10386
Chris Williams,177572
Chris Williams,13053
Rich Moore,82690
Chris Sanders,10191
Chris Sanders,49519
Chris Sanders,11544
Jonathan Mostow,296
Jonathan Mostow,19959
Jonathan Mostow,3536
Jonathan Mostow,2163
James Gunn,118340
James Gunn,9035
James Gunn,45132
Hideaki Anno,315011
David Fincher,4922
David Fincher,65754
David Fincher,1949
David Fincher,550
David Fincher,210577
David Fincher,8077
David Fincher,2649
David Fincher,4547
David Fincher,37799
David Fincher,807
Matthew Vaughn,49538
Matthew Vaughn,2270
Matthew Vaughn,23483
Matthew Vaughn,4836
Francis Lawrence,131634
Francis Lawrence,6479
Francis Lawrence,101299
Francis Lawrence,131631
Francis Lawrence,55787
Jon Turteltaub,27022
Jon Turteltaub,2059
Jon Turteltaub,4244
Jon Turteltaub,12117
Jon Turteltaub,9294
Jon Turteltaub,137093
Jon Turteltaub,864
Wolfgang Petersen,503
Wolfgang Petersen,652
Wolfgang Petersen,2133
Wolfgang Petersen,9772
Wolfgang Petersen,6950
Wolfgang Petersen,34584
Wolfgang Petersen,387
James Bobin,241259
James Bobin,145220
James Bobin,64328
Chris Miller,810
Chris Miller,417859
Duncan Jones,68735
Duncan Jones,45612
Duncan Jones,17431
Alan Taylor,87101
Alan Taylor,76338
Michael Apted,10140
Michael Apted,36643
Michael Apted,1957
Michael Apted,11306
Michael Apted,16769
Oliver Stone,1966
Oliver Stone,33909
Oliver Stone,1852
Oliver Stone,9563
Oliver Stone,82525
Oliver Stone,10858
Oliver Stone,820
Oliver Stone,10537
Oliver Stone,10523
Oliver Stone,10673
Oliver Stone,2604
Oliver Stone,792
Oliver Stone,6106
Oliver Stone,10132
Jan Pinkava,2062
Eric Darnell,10527
Eric Darnell,270946
Eric Darnell,953
Eric Darnell,8916
Shawn Levy,18360
Shawn Levy,181533
Shawn Levy,1593
Shawn Levy,39254
Shawn Levy,12096
Shawn Levy,116741
Shawn Levy,35056
Shawn Levy,11007
Shawn Levy,239678
Shawn Levy,12090
Shawn Levy,11870
Gavin Hood,2080
Gavin Hood,80274
Gavin Hood,5125
Gavin Hood,868
Chris Buck,109445
George Miller,76341
George Miller,65759
George Miller,9836
George Miller,9447
George Miller,9355
George Miller,8810
George Miller,9659
Ron Howard,13448
Ron Howard,591
Ron Howard,8871
Ron Howard,205775
Ron Howard,921
Ron Howard,453
Ron Howard,3595
Ron Howard,44564
Ron Howard,568
Ron Howard,11374
Ron Howard,96721
Ron Howard,11499
Ron Howard,2619
Kenneth Branagh,10195
Kenneth Branagh,150689
Kenneth Branagh,137094
Kenneth Branagh,37028
Kenneth Branagh,10549
Kenneth Branagh,10705
Kenneth Branagh,11971
Hoyt Yeatman,19585
Jonathan Liebesman,57165
Jonathan Liebesman,98566
Jonathan Liebesman,44943
Jonathan Liebesman,10781
Jonathan Liebesman,10727
Christopher McQuarrie,177677
Christopher McQuarrie,75780
Christopher McQuarrie,1619
Joe Johnston,7978
Joe Johnston,1771
Joe Johnston,331
Joe Johnston,2023
Steve Hickner,5559
Jennifer Yuh Nelson,49444
Jennifer Yuh Nelson,140300
M. Night Shyamalan,10196
M. Night Shyamalan,82700
M. Night Shyamalan,9741
M. Night Shyamalan,6947
M. Night Shyamalan,2675
M. Night Shyamalan,9697
M. Night Shyamalan,8645
M. Night Shyamalan,745
M. Night Shyamalan,298312
Simon Wells,50321
Simon Wells,2135
Simon Wells,9837
David Bowers,11619
David Bowers,16577
David Bowers,82650
David Bowers,60307
Joe Wright,266647
Joe Wright,17332
Joe Wright,96724
Joe Wright,4347
Joe Wright,50456
Joe Wright,4348
Rob Minkoff,82703
Rob Minkoff,10996
Rob Minkoff,10137
Rob Minkoff,10756
Rob Minkoff,1729
Lee Tamahori,36669
Lee Tamahori,9433
Lee Tamahori,11679
Lee Tamahori,2043
Lee Tamahori,62630
Paul Feig,43074
Paul Feig,136795
Paul Feig,55721
Paul Feig,18147
Peter Ramsey,81188
Dean Parisot,7552
Dean Parisot,146216
Dean Parisot,926
Dean Parisot,12257
Edward Zwick,616
Edward Zwick,1372
Edward Zwick,9882
Edward Zwick,10684
Edward Zwick,4476
Edward Zwick,43347
Edward Zwick,9665
Dean DeBlois,82702
Alex Proyas,205584
Alex Proyas,2048
Alex Proyas,13811
Alex Proyas,9495
Alex Proyas,2666
Richard Donner,944
Richard Donner,8834
Richard Donner,9562
Richard Donner,1924
Richard Donner,9691
Richard Donner,2207
Richard Donner,943
Richard Donner,20763
Richard Donner,9647
Richard Donner,794
Richard Donner,526
Ang Lee,1927
Ang Lee,87827
Ang Lee,22267
Ang Lee,26320
Ang Lee,68924
Ang Lee,4584
Ang Lee,146
Ang Lee,142
Jon M. Chu,72559
Jon M. Chu,291805
Jon M. Chu,41233
Jon M. Chu,8328
Jon M. Chu,54518
Breck Eisner,7364
Breck Eisner,274854
Breck Eisner,29427
Hironobu Sakaguchi,2114
Peter Weir,8619
Peter Weir,37165
Peter Weir,207
Peter Weir,9281
Bill Condon,50620
Bill Condon,1125
Bill Condon,162903
Bill Condon,11184
Bill Condon,3033
Louis Leterrier,1724
Louis Leterrier,18823
Louis Leterrier,75656
Louis Leterrier,10027
Louis Leterrier,9335
Louis Leterrier,4108
Alejandro González Iñárritu,281957
Alejandro González Iñárritu,45958
Alejandro González Iñárritu,1164
Alejandro González Iñárritu,470
Alejandro González Iñárritu,194662
Alejandro González Iñárritu,55
David Soren,77950
Paul Greengrass,2503
Paul Greengrass,324668
Paul Greengrass,22972
Paul Greengrass,2502
Paul Greengrass,109424
Paul Greengrass,9829
Paul Greengrass,4107
Mark Osborne,9502
Mark Osborne,309809
Peyton Reed,102899
Peyton Reed,9767
Peyton Reed,10201
Peyton Reed,1588
Tim Johnson,228161
Tim Johnson,14411
Phillip Noyce,27576
Phillip Noyce,10003
Phillip Noyce,9331
Phillip Noyce,9481
Phillip Noyce,9869
Phillip Noyce,227156
Phillip Noyce,8198
Phillip Noyce,1123
Phillip Noyce,9555
Darren Aronofsky,86834
Darren Aronofsky,1381
Darren Aronofsky,44214
Darren Aronofsky,12163
Darren Aronofsky,641
Darren Aronofsky,473
Alfonso Cuarón,673
Alfonso Cuarón,49047
Alfonso Cuarón,9693
Alfonso Cuarón,1391
Ralph Zondag,10567
Tom McGrath,38055
Chris Columbus,671
Chris Columbus,672
Chris Columbus,32657
Chris Columbus,257344
Chris Columbus,2277
Chris Columbus,9441
Chris Columbus,1833
Chris Columbus,788
Chris Columbus,772
Chris Columbus,19840
Chris Columbus,771
Robert Schwentke,49524
Robert Schwentke,262500
Robert Schwentke,262504
Robert Schwentke,39514
Robert Schwentke,9315
Robert Schwentke,24420
Carlos Saldanha,172385
Carlos Saldanha,8355
Carlos Saldanha,46195
Carlos Saldanha,950
Guy Ritchie,58574
Guy Ritchie,10528
Guy Ritchie,203801
Guy Ritchie,13809
Guy Ritchie,107
Guy Ritchie,12779
Guy Ritchie,100
Paul Verhoeven,861
Paul Verhoeven,563
Paul Verhoeven,9383
Paul Verhoeven,10802
Paul Verhoeven,9075
John McTiernan,1911
John McTiernan,1572
John McTiernan,9593
John McTiernan,11535
John McTiernan,10782
John McTiernan,913
John McTiernan,9096
John McTiernan,1669
John McTiernan,562
John McTiernan,106
Tony Gilroy,49040
Tony Gilroy,16558
Tony Gilroy,4566
Joel Schumacher,415
Joel Schumacher,414
Joel Schumacher,3132
Joel Schumacher,9833
Joel Schumacher,10731
Joel Schumacher,1645
Joel Schumacher,8224
Joel Schumacher,3594
Joel Schumacher,31582
Joel Schumacher,1551
Joel Schumacher,10629
Joel Schumacher,1817
Joel Schumacher,1547
John Woo,955
John Woo,12100
John Woo,754
John Woo,9208
John Woo,9620
John Woo,12289
John Woo,44092
Tim Story,1979
Tim Story,323675
Tim Story,168530
Tim Story,184098
Tim Story,67660
Tim Story,10611
Tim Story,74510
Mark Steven Johnson,1250
Mark Steven Johnson,22796
Neill Blomkamp,68724
Neill Blomkamp,198184
Neill Blomkamp,17654
David Twohy,2789
David Twohy,87421
David Twohy,2787
David Twohy,12403
José Padilha,97020
José Padilha,7347
James L. Brooks,42888
James L. Brooks,2539
James L. Brooks,2898
James Mangold,37834
James Mangold,76170
James Mangold,11232
James Mangold,5176
James Mangold,69
James Mangold,2832
James Mangold,3558
James Mangold,2142
George Lucas,1895
George Lucas,1894
George Lucas,1893
George Lucas,11
George Lucas,838
Thomas Langmann,2395
Cedric Nicolas-Troyan,290595
Roger Donaldson,9619
Roger Donaldson,11973
Roger Donaldson,9348
Roger Donaldson,9912
Roger Donaldson,8848
Roger Donaldson,2669
Roger Donaldson,254904
Dave Green,308531
Dave Green,238603
Josh Trank,166424
Josh Trank,76726
Brad Peyton,254128
Brad Peyton,39691
Brad Peyton,72545
Roger Spottiswoode,714
Roger Spottiswoode,8452
Roger Spottiswoode,13405
Roger Spottiswoode,45226
Steven Soderbergh,163
Steven Soderbergh,161
Steven Soderbergh,298
Steven Soderbergh,39538
Steven Soderbergh,462
Steven Soderbergh,1900
Steven Soderbergh,1389
Steven Soderbergh,182
Steven Soderbergh,109421
Steven Soderbergh,70435
Steven Soderbergh,11323
Steven Soderbergh,10388
Steven Soderbergh,77930
Steven Soderbergh,15186
Steven Soderbergh,1412
Rob Letterman,38745
Rob Letterman,257445
Michel Gondry,40805
Michel Gondry,38
Michel Gondry,4953
Michel Gondry,292
Noam Murro,53182
Raja Gosnell,41513
Raja Gosnell,77931
Raja Gosnell,9637
Raja Gosnell,9600
Raja Gosnell,11024
Raja Gosnell,14405
Will Finn,13700
Jan de Bont,1639
Jan de Bont,1996
Jan de Bont,664
Jan de Bont,11618
Jan de Bont,1637
Len Wiseman,1571
Len Wiseman,834
Len Wiseman,277
Frank Coraci,10204
Frank Coraci,9339
Frank Coraci,38317
Frank Coraci,347969
Frank Coraci,232672
Frank Coraci,87826
Frank Coraci,10663
Michael Mann,8489
Michael Mann,11322
Michael Mann,201088
Michael Mann,9008
Michael Mann,1538
Michael Mann,9361
Bo Welch,10588
Ron Clements,10198
Ron Clements,9016
Ron Clements,812
Peter Chelsom,24113
Peter Chelsom,4380
Peter Chelsom,18126
Peter Chelsom,9778
Peter Chelsom,9821
Dominic Sena,9679
Dominic Sena,9705
Dominic Sena,22787
Tony Scott,18487
Tony Scott,44048
Tony Scott,1535
Tony Scott,9798
Tony Scott,2119
Tony Scott,9509
Tony Scott,8963
Tony Scott,9566
Tony Scott,9923
Tony Scott,96
Tony Scott,744
Tony Scott,319
Paul Weitz,39451
Paul Weitz,24418
Paul Weitz,1901
Paul Weitz,9310
Paul Weitz,144340
Adam McKay,27581
Adam McKay,9718
Adam McKay,12133
Adam McKay,109443
Adam McKay,318846
Adam McKay,8699
Chuck Russell,9268
Chuck Russell,9334
Chuck Russell,10391
Chuck Russell,854
Chuck Russell,332411
Chuck Russell,10072
Quentin Tarantino,68718
Quentin Tarantino,16869
Quentin Tarantino,273248
Quentin Tarantino,24
Quentin Tarantino,393
Quentin Tarantino,184
Quentin Tarantino,680
Quentin Tarantino,500
Gary Trousdale,10545
Gary Trousdale,10865
Mark Dindal,11688
Mark Dindal,9982
Mark Dindal,24662
Simon West,76163
Simon West,1995
Simon West,1701
Simon West,2275
Simon West,27582
Simon West,127493
Simon West,265208
Simon West,10053
Stefen Fangmeier,2486
Spike Jonze,16523
Spike Jonze,152601
Spike Jonze,2757
Spike Jonze,492
Chris Wedge,116711
Chris Wedge,9928
Chris Wedge,425
Florian Henckel von Donnersmarck,37710
Florian Henckel von Donnersmarck,582
Peter Hyams,9946
Peter Hyams,10077
Peter Hyams,11015
Peter Hyams,11370
Peter Hyams,8831
Peter Hyams,11935
Tom Tykwer,83542
Tom Tykwer,1427
Tom Tykwer,4959
Tom Tykwer,104
Tom Tykwer,53256
Pitof,314
Brad Silberling,18162
Brad Silberling,8839
Brad Silberling,795
Brad Silberling,31005
Patrick Hughes,138103
Ericson Core,257088
Lawrence Guterman,10214
Lawrence Guterman,10992
Ron Underwood,11692
Ron Underwood,9822
Ron Underwood,9362
Steve Martino,227973
Steve Martino,57800
David Mamet,29193
David Mamet,12400
Zhang Yimou,76758
Zhang Yimou,1494
Zhang Yimou,79
Zhang Yimou,9550
Zhang Yimou,44555
Zhang Yimou,259943
Ash Brannon,9408
Frank Oz,9890
Frank Oz,11371
Frank Oz,11353
Frank Oz,11359
Frank Oz,10806
Frank Oz,10776
Frank Oz,2196
Jay Roach,77953
Jay Roach,38778
Jay Roach,818
Jay Roach,693
Jay Roach,1597
Jay Roach,817
Jay Roach,15198
Jay Roach,816
Luc Besson,18
Luc Besson,9992
Luc Besson,10047
Luc Besson,240832
Luc Besson,10656
Michael Patrick King,37786
Don Michael Paul,10501
Don Michael Paul,10167
Don Michael Paul,15581
Sergei Bodrov,68737
Sergei Bodrov,12246
Wally Pfister,157353
Rupert Wyatt,61791
Rupert Wyatt,284536
Mark Waters,8204
Mark Waters,9007
Mark Waters,58224
Mark Waters,10330
Mark Waters,10625
Mark Waters,24940
John Moore,47964
John Moore,11866
John Moore,8007
John Moore,13051
John Lee Hancock,10733
John Lee Hancock,22881
John Lee Hancock,140823
John Lee Hancock,14635
Renny Harlin,1408
Renny Harlin,11026
Renny Harlin,10477
Renny Harlin,1573
Renny Harlin,188207
Renny Harlin,9350
Renny Harlin,11412
Renny Harlin,8914
Renny Harlin,9548
Renny Harlin,16617
Renny Harlin,9954
Renny Harlin,17134
Renny Harlin,10131
Renny Harlin,50601
Renny Harlin,48309
Phil Lord,22794
Phil Lord,137106
Phil Lord,187017
Phil Lord,64688
Ben Stiller,116745
Ben Stiller,7446
Ben Stiller,329833
Ben Stiller,9894
Ben Stiller,9398
Tony Bancroft,10674
Timur Bekmambetov,271969
Timur Bekmambetov,8909
Timur Bekmambetov,72331
Timur Bekmambetov,3040
Walt Becker,258509
Walt Becker,11199
Walt Becker,22949
Walt Becker,11452
Dennis Dugan,10661
Dennis Dugan,109418
Dennis Dugan,50546
Dennis Dugan,71880
Dennis Dugan,38365
Dennis Dugan,9957
Dennis Dugan,9032
Dennis Dugan,10878
Dennis Dugan,9614
Sydney Pollack,179
Sydney Pollack,12618
Sydney Pollack,37233
Sydney Pollack,606
Sydney Pollack,9576
Thor Freudenthal,76285
Thor Freudenthal,15189
Thor Freudenthal,33217
Brian De Palma,2067
Brian De Palma,954
Brian De Palma,8688
Brian De Palma,9676
Brian De Palma,9280
Brian De Palma,117
Brian De Palma,111
Brian De Palma,11644
Brian De Palma,13937
Brian De Palma,11507
Brian De Palma,11033
Brian De Palma,11600
Mick Jackson,10357
Mick Jackson,619
Alan J. Pakula,4477
Alan J. Pakula,9944
Kathryn Bigelow,8665
Kathryn Bigelow,97630
Kathryn Bigelow,12162
John Milius,9387
John Milius,1880
John Milius,18886
Andrei Konchalovsky,49852
Andrei Konchalovsky,9618
Gary Ross,4464
Gary Ross,70160
Gary Ross,316152
Paul W.S. Anderson,52451
Paul W.S. Anderson,76649
Paul W.S. Anderson,9425
Paul W.S. Anderson,395
Paul W.S. Anderson,71679
Paul W.S. Anderson,10483
Paul W.S. Anderson,8413
Paul W.S. Anderson,35791
Paul W.S. Anderson,1576
Paul W.S. Anderson,9312
Genndy Tartakovsky,76492
Genndy Tartakovsky,159824
Genndy Tartakovsky,333355
Kevin Lima,4523
Kevin Lima,10481
Daniel Espinosa,59961
Daniel Espinosa,181283
Daniel Espinosa,29920
Nancy Meyers,1581
Nancy Meyers,22897
Nancy Meyers,6964
Nancy Meyers,3981
Nancy Meyers,257211
Jill Culton,7484
Neil Burger,157350
Neil Burger,1491
Neil Burger,16005
Neil Burger,36584
Jean-Jacques Annaud,853
Jean-Jacques Annaud,1997
Jean-Jacques Annaud,978
Jean-Jacques Annaud,62204
Barry Cook,51052
Barry Cook,77951
Martin Brest,297
Martin Brest,8046
Martin Brest,9013
Martin Brest,90
Andrew Davis,9884
Andrew Davis,12123
Andrew Davis,5503
Andrew Davis,8326
Bob Fosse,16858
Bob Fosse,42618
Tarsem Singh,62764
Tarsem Singh,37958
Tarsem Singh,8843
Tarsem Singh,238615
Edgar Wright,22538
Edgar Wright,107985
Edgar Wright,4638
Edgar Wright,747
Jon Amiel,9341
Jon Amiel,1844
Jon Amiel,1710
Jon Amiel,9414
Peter Segal,12107
Peter Segal,9291
Peter Segal,11665
Peter Segal,1824
Peter Segal,64807
Peter Segal,36593
Peter Segal,17795
Pete Travis,49049
Pete Travis,7461
George A. Romero,16281
George A. Romero,11683
George A. Romero,8408
George A. Romero,29514
George A. Romero,29426
George A. Romero,10331
George A. Romero,13025
Sylvester Stallone,27578
Sylvester Stallone,1246
Todd Phillips,45243
Todd Phillips,41733
Todd Phillips,9384
Todd Phillips,18785
Todd Phillips,11635
Todd Phillips,9842
Todd Phillips,9285
Karey Kirkpatrick,7518
Karey Kirkpatrick,19724
Gary Winick,9986
Gary Winick,10521
Gary Winick,10096
Gary Winick,37056
Gary Winick,39141
Mimi Leder,8656
Mimi Leder,6623
Mimi Leder,10647
Seth Gordon,12193
Seth Gordon,51540
Seth Gordon,109431
Adam Shankman,10202
Adam Shankman,2976
Adam Shankman,80585
Adam Shankman,9641
Adam Shankman,10022
Adam Shankman,2018
Adam Shankman,10678
Adam Shankman,10229
D.J. Caruso,13027
D.J. Caruso,46529
D.J. Caruso,8271
D.J. Caruso,11468
Anthony Minghella,2289
Anthony Minghella,1213
Anthony Minghella,409
Albert Hughes,20504
Albert Hughes,768
Albert Hughes,9516
Les Mayfield,9574
Les Mayfield,11001
Les Mayfield,13496
Les Mayfield,9074
Les Mayfield,14396
Joe Pytka,2300
Scott Derrickson,10200
Scott Derrickson,184346
Scott Derrickson,8643
Scott Derrickson,82507
Ivan Reitman,6068
Ivan Reitman,9930
Ivan Reitman,4474
Ivan Reitman,951
Ivan Reitman,41630
Ivan Reitman,200505
Ivan Reitman,9493
Ivan Reitman,10890
Eric Brevig,41515
Eric Brevig,88751
Kelly Asbury,9023
Stephen Hopkins,2157
Stephen Hopkins,10586
Stephen Hopkins,1683
Stephen Hopkins,169
Stephen Hopkins,10160
Stephen Hopkins,323677
Jonathan Demme,14462
Jonathan Demme,39437
Jonathan Demme,274
Jonathan Demme,9800
Jonathan Demme,14976
Henry Jaglom,161795
James Algar,49948
Vincent Ward,12159
Steven Brill,9678
Steven Brill,2022
Steven Brill,8457
Steven Brill,10762
Terry Gilliam,4442
Terry Gilliam,8054
Terry Gilliam,177
Terry Gilliam,1878
Terry Gilliam,68
Terry Gilliam,36819
Terry Gilliam,762
Lucile Hadzihalilovic,330770
Roger Christian,5491
Joe Dante,10715
Joe Dante,928
Joe Dante,11551
Joe Dante,927
Joe Dante,45650
Joe Dante,11298
Kevin Costner,9922
Kevin Costner,2055
Kevin Costner,581
Antony Hoffman,8870
Jacques Perrin,36970
Jacques Perrin,11516
Andrés Couturier,293644
Roger Allers,8587
Cody Cameron,109451
John Singleton,584
John Singleton,479
John Singleton,59965
John Singleton,8292
John Singleton,16161
John Singleton,8291
John Singleton,650
Oliver Hirschbiegel,4858
Oliver Hirschbiegel,613
Des McAnuff,17711
Chris Renaud,328111
Stephen Norrington,8698
Stephen Norrington,36647
Pierre Coffin,93456
Pierre Coffin,20352
David Kellogg,332
Mike Nichols,6538
Mike Nichols,10395
Mike Nichols,9440
Mike Nichols,10416
Mike Nichols,2288
Mike Nichols,10364
Vicky Jenson,10555
Vicky Jenson,25704
F. Gary Gray,4551
F. Gary Gray,9654
F. Gary Gray,22803
F. Gary Gray,9631
F. Gary Gray,8409
F. Gary Gray,277216
F. Gary Gray,9400
F. Gary Gray,10634
Antoine Fuqua,9567
Antoine Fuqua,117263
Antoine Fuqua,7485
Antoine Fuqua,156022
Antoine Fuqua,2034
Antoine Fuqua,307081
Antoine Fuqua,11702
Antoine Fuqua,26390
Robert Luketic,37821
Robert Luketic,4379
Robert Luketic,20943
Robert Luketic,8065
Robert Luketic,13476
Robert Luketic,8835
Gil Kenan,9297
Gil Kenan,13600
Barry Levinson,3172
Barry Levinson,10153
Barry Levinson,8984
Barry Levinson,819
Barry Levinson,8944
Barry Levinson,380
Barry Levinson,9895
Barry Levinson,10710
Barry Levinson,11904
Barry Levinson,586
Barry Levinson,801
Barry Levinson,13776
Barry Levinson,29122
Jerry Zucker,6520
Jerry Zucker,9896
Jerry Zucker,251
Jerry Zucker,813
Andy Tennant,1439
Andy Tennant,8676
Andy Tennant,8488
Andy Tennant,27573
Andy Tennant,11529
Andy Tennant,9454
Florent-Emilio Siri,2026
Gary Goldman,7450
Gary Goldman,9444
Ron Shelton,11375
Ron Shelton,10478
Ron Shelton,20761
Ron Shelton,4911
Àlex Pastor,25769
Henry Selick,23685
Henry Selick,14836
Kyle Balda,211672
Fergal Reilly,153518
Judd Apatow,20829
Judd Apatow,271718
Judd Apatow,89492
Judd Apatow,4964
Judd Apatow,6957
Steve Carr,10808
Steve Carr,10708
Steve Carr,14560
Steve Carr,10471
Mel Gibson,197
Mel Gibson,1579
Mel Gibson,615
David Silverman,35
Frank Darabont,11086
Frank Darabont,497
Frank Darabont,278
Frank Darabont,5876
Betty Thomas,3050
Betty Thomas,23398
Betty Thomas,8427
Betty Thomas,10468
Garry Marshall,4806
Garry Marshall,32856
Garry Marshall,4599
Garry Marshall,11130
Garry Marshall,9880
Garry Marshall,62838
Garry Marshall,13159
Garry Marshall,114
Paul Tibbitt,228165
Clark Johnson,9257
Clark Johnson,5820
Cameron Crowe,1903
Cameron Crowe,786
Cameron Crowe,9621
Cameron Crowe,9390
Cameron Crowe,74465
Cameron Crowe,222936
Randall Wallace,10590
Randall Wallace,9313
Randall Wallace,39486
Randall Wallace,236751
Jonathan Frakes,200
Jonathan Frakes,14623
Jonathan Frakes,199
Jonathan Frakes,15028
George Clooney,152760
George Clooney,4942
George Clooney,4912
George Clooney,10316
George Clooney,3291
Gary Shore,49017
Andrzej Bartkowiak,8814
Andrzej Bartkowiak,15268
Andrzej Bartkowiak,10877
Andrzej Bartkowiak,2085
Andrzej Bartkowiak,10623
Måns Mårlind,52520
Gregory Hoblit,10592
Gregory Hoblit,8090
Gregory Hoblit,10559
Gary McKendry,49021
Wych Kaosayananda,10550
Mikael Salomon,11258
Mikael Salomon,112430
Bobby Farrelly,12610
Bobby Farrelly,48988
Bobby Farrelly,1792
Bobby Farrelly,2123
Bobby Farrelly,100042
Bobby Farrelly,9889
Bobby Farrelly,11431
Bobby Farrelly,76489
Bobby Farrelly,11543
Bobby Farrelly,544
Bobby Farrelly,8467
Dan St. Pierre,59981
Kerry Conran,5137
Michael Caton-Jones,3093
Michael Caton-Jones,4824
Michael Caton-Jones,13536
Michael Caton-Jones,11780
Mikael Håfström,107846
Mikael Håfström,48171
Mikael Håfström,3021
Mikael Håfström,8999
Phil Alden Robinson,4614
David Slade,24021
David Slade,4513
David Slade,2652
Joseph Ruben,11517
Seth MacFarlane,214756
Seth MacFarlane,72105
Seth MacFarlane,188161
Alejandro Amenábar,26428
Alejandro Amenábar,241257
Alejandro Amenábar,1933
Alejandro Amenábar,1913
Kinka Usher,9824
Craig Gillespie,300673
Craig Gillespie,58151
Craig Gillespie,198185
Craig Gillespie,6615
Rob Bowman,846
Rob Bowman,9947
Rob Bowman,6278
Rob Bowman,13064
Doug Lefler,9703
Scott Waugh,136797
Lawrence Kasdan,6171
Lawrence Kasdan,12160
Lawrence Kasdan,24071
Lawrence Kasdan,11509
Lawrence Kasdan,89325
Michael Lembeck,9021
Michael Lembeck,15673
Tom Hooper,82695
Tom Hooper,45269
Tom Hooper,21641
Nora Ephron,9489
Nora Ephron,10783
Nora Ephron,24803
Angelina Jolie,227306
Angelina Jolie,314385
Angelina Jolie,79777
Clint Eastwood,5551
Clint Eastwood,22954
Clint Eastwood,190859
Clint Eastwood,3580
Clint Eastwood,3683
Clint Eastwood,66
Clint Eastwood,44603
Clint Eastwood,9573
Clint Eastwood,209451
Clint Eastwood,88794
Clint Eastwood,8197
Clint Eastwood,322
Clint Eastwood,70
Clint Eastwood,13223
Clint Eastwood,688
Clint Eastwood,10724
Clint Eastwood,33
Clint Eastwood,1251
Clint Eastwood,8879
Clint Eastwood,11901
Larry Charles,76493
Larry Charles,18480
Larry Charles,496
Larry Charles,24356
Larry Charles,13007
Stanley Kubrick,345
Stanley Kubrick,802
Stanley Kubrick,694
Stanley Kubrick,3175
Stanley Kubrick,62
Stanley Kubrick,935
Will Gluck,196867
Will Gluck,50544
Will Gluck,37735
Glenn Ficarra,256591
Glenn Ficarra,50646
Glenn Ficarra,8952
David S. Goyer,36648
David S. Goyer,13788
Taylor Hackford,11983
Taylor Hackford,1813
Taylor Hackford,1677
Taylor Hackford,119283
Taylor Hackford,9702
Taylor Hackford,39845
Michael Lehmann,9292
Michael Lehmann,1257
Michael Lehmann,2752
Stuart Beattie,100241
Roman Polanski,257
Roman Polanski,11439
Roman Polanski,622
Roman Polanski,423
Roman Polanski,72113
Roman Polanski,805
Robert Rodriguez,189
Robert Rodriguez,285923
Robert Rodriguez,14199
Robert Rodriguez,12279
Robert Rodriguez,187
Robert Rodriguez,9488
Robert Rodriguez,10054
Robert Rodriguez,1428
Robert Rodriguez,56288
Robert Rodriguez,25132
Robert Rodriguez,755
Robert Rodriguez,106747
Robert Rodriguez,9276
Robert Rodriguez,23631
Robert Rodriguez,8068
Robert Rodriguez,9367
Baltasar Kormákur,253412
Baltasar Kormákur,136400
Baltasar Kormákur,77866
Daniel Lee,300168
Daniel Lee,14538
Keenen Ivory Wayans,9072
Keenen Ivory Wayans,4248
Keenen Ivory Wayans,12153
Keenen Ivory Wayans,26352
Rob Reiner,9087
Rob Reiner,12220
Rob Reiner,7350
Rob Reiner,31908
Rob Reiner,881
Rob Reiner,17813
Rob Reiner,253235
Rob Reiner,639
Rob Reiner,2493
Rob Reiner,43949
Rob Reiner,235
Marco Schnabel,12177
Demian Lichtenstein,12138
Josh Gordon,9955
Josh Gordon,41210
Tim Hill,50359
Tim Hill,9513
Tim Hill,6477
Tim Hill,10208
Tim Hill,34549
David Frankel,14306
David Frankel,73937
David Frankel,350
David Frankel,82696
Marc Lawrence,2642
Marc Lawrence,24438
Marc Lawrence,11172
Peter Billingsley,19899
Wes Ball,294254
Wes Ball,198663
Ryan Murphy,38167
Ryan Murphy,7510
Robert Redford,547
Robert Redford,4958
Robert Redford,4515
Robert Redford,60309
Robert Redford,16619
Jay Russell,11128
Jay Russell,13768
Jay Russell,17908
Kenny Ortega,13576
Kenny Ortega,10439
Kenny Ortega,11887
Kenny Ortega,13649
Kenny Ortega,10947
David McNally,10628
David McNally,6282
Brian Robbins,10067
Brian Robbins,11260
Brian Robbins,72358
Brian Robbins,20697
Brian Robbins,20857
Brian Robbins,14709
Brian Levant,9279
Brian Levant,889
Brian Levant,888
Brian Levant,11888
Brian Levant,23172
Brian Levant,11637
Steven Zaillian,9422
Steven Zaillian,1717
Sam Fell,77174
Jon Avnet,9302
Jon Avnet,13389
Jon Avnet,3489
Robert Stevenhagen,10199
Kevin Donovan,10771
Geoff Murphy,3512
David O. Russell,274479
David O. Russell,6415
David O. Russell,168672
David O. Russell,316002
David O. Russell,1599
David O. Russell,82693
David O. Russell,45317
David O. Russell,2074
Babak Najafi,267860
Jean-Pierre Jeunet,8078
Jean-Pierre Jeunet,2841
Jean-Pierre Jeunet,27936
Jean-Pierre Jeunet,194
Jean-Pierre Jeunet,157841
Anthony Stacchi,170687
Griffin Dunne,6435
Griffin Dunne,87818
Griffin Dunne,206412
John Pasquin,10040
John Pasquin,12312
John Pasquin,11395
Ruben Fleischer,82682
Ruben Fleischer,62206
Ruben Fleischer,19908
Harold Ramis,17610
Harold Ramis,9932
Harold Ramis,1636
Harold Ramis,9304
Harold Ramis,9535
Harold Ramis,11153
Harold Ramis,137
Harold Ramis,11977
Kevin Macdonald,16995
Kevin Macdonald,1523
Kevin Macdonald,11194
Donald Petrie,9849
Donald Petrie,9919
Donald Petrie,1493
Donald Petrie,11011
Donald Petrie,10025
Donald Petrie,16784
Donald Petrie,23049
Donald Petrie,11191
Jorge Blanco,16866
Stuart Baird,201
Stuart Baird,2320
Joel Coen,11775
Joel Coen,11934
Joel Coen,4944
Joel Coen,44264
Joel Coen,5516
Joel Coen,134
Joel Coen,6977
Joel Coen,270487
Joel Coen,115
Joel Coen,86829
Joel Coen,12573
Robert Lorenz,87825
Harold Becker,8838
Harold Becker,11456
Harold Becker,11062
Harold Becker,12150
Scott Stewart,38321
Scott Stewart,22894
Tony Bill,9664
Rod Lurie,2100
Rod Lurie,64639
Rod Lurie,13074
Rod Lurie,6521
Rod Lurie,25212
Walter Hill,10384
Walter Hill,70074
Walter Hill,15070
Walter Hill,14729
Akiva Goldsman,137321
Harald Zwart,123553
Harald Zwart,10923
Walter Salles,9009
Walter Salles,83770
Walter Salles,666
Iain Softley,2309
Iain Softley,167
Iain Softley,9913
Iain Softley,10428
Frank Miller,8285
David Koepp,210860
David Koepp,1586
David Koepp,49526
David Koepp,12797
David Koepp,11601
Uwe Boll,2312
Uwe Boll,168705
Uwe Boll,12142
Uwe Boll,252360
Uwe Boll,38780
Soi Cheang,381902
John Dahl,13922
John Dahl,10866
John Dahl,10220
John Dahl,8141
Tim Miller,293660
Stephen Herek,9713
Stephen Herek,13498
Stephen Herek,16643
Stephen Herek,12508
Stephen Herek,2054
Stephen Herek,10414
Stephen Herek,1648
Stephen Herek,14849
Peter MacDonald,1370
Anthony Hemingway,72431
Sean Anders,87428
Sean Anders,274167
Sean Anders,227159
Sean Anders,13523
Brian Taylor,71676
Brian Taylor,18501
Brian Taylor,15092
Brian Taylor,1948
John Madden,1722
John Madden,1934
John Madden,48289
John Madden,74534
John Madden,268238
Kevin Bray,11358
Kevin Bray,13950
Mike Gabriel,10530
Sam Weisman,10603
Sam Weisman,8970
Sam Weisman,14034
Sam Weisman,13778
Jesse Dylan,8273
Jesse Dylan,9981
Jesse Dylan,8386
Wayne Wang,7303
Wayne Wang,17379
Wayne Wang,21349
Wayne Wang,17880
Wayne Wang,58882
Gabriele Muccino,1402
Gabriele Muccino,11321
Gabriele Muccino,77875
Gabriele Muccino,38970
Tom Dey,8584
Tom Dey,6877
Tom Dey,38579
Jimmy Hayward,175574
Jimmy Hayward,20533
Alan Parker,8818
Alan Parker,11615
Alan Parker,10397
John Frankenheimer,8195
John Frankenheimer,9306
John Frankenheimer,2155
John Frankenheimer,31915
John Frankenheimer,3482
Paul King,116149
Akiva Schaffer,80035
Akiva Schaffer,10074
William Friedkin,10632
William Friedkin,11863
William Friedkin,38985
William Friedkin,1051
William Friedkin,9552
William Friedkin,73567
Kent Alterman,13260
Peter Lord,72197
Shekhar Kapur,4517
Shekhar Kapur,9093
Shekhar Kapur,4518
Karyn Kusama,8202
Karyn Kusama,19994
Ronald F. Maxwell,16072
Ronald F. Maxwell,10655
Robert Butler,34314
Steve Antin,42297
Jim Gillespie,10375
Jim Gillespie,3597
Francis Ford Coppola,242
Francis Ford Coppola,2148
Francis Ford Coppola,6114
Francis Ford Coppola,11975
Francis Ford Coppola,28
Francis Ford Coppola,10013
Francis Ford Coppola,9686
Francis Ford Coppola,240
Francis Ford Coppola,227
Francis Ford Coppola,238
Francis Ford Coppola,78381
Francis Ford Coppola,592
Richard Lester,8536
Richard Lester,9531
Richard Lester,10786
Richard Lester,17768
Richard Lester,704
Scott Cooper,261023
Scott Cooper,164457
Scott Cooper,25196
Curtis Hanson,1950
Curtis Hanson,8987
Curtis Hanson,65
Curtis Hanson,2118
Curtis Hanson,11004
Curtis Hanson,82684
Curtis Hanson,33676
Phyllida Lloyd,11631
Phyllida Lloyd,71688
Jay Chandrasekhar,6519
Jay Chandrasekhar,9988
Jay Chandrasekhar,11217
Jay Chandrasekhar,39939
Terrence Malick,8741
Terrence Malick,8967
Terrence Malick,11400
Terrence Malick,16642
David Dobkin,49520
David Dobkin,6038
David Dobkin,205587
David Dobkin,26618
Miloš Forman,1850
Miloš Forman,279
Miloš Forman,510
Pierre Morel,26389
Pierre Morel,266396
Pierre Morel,8681
Pierre Morel,10045
Paul Hunter,11817
Steve Oedekerk,9907
Steve Oedekerk,9273
Steve Oedekerk,11676
Steve Oedekerk,11891
John Whitesell,9969
John Whitesell,11565
John Whitesell,38322
John Whitesell,39180
John Whitesell,13411
George Nolfi,38050
Neil Jordan,628
Neil Jordan,28902
Neil Jordan,6016
Neil Jordan,1770
Neil Jordan,20024
Neil Jordan,5971
Neil Jordan,38448
Neil Jordan,11386
Rawson Marshall Thurber,302699
Rawson Marshall Thurber,138832
Rawson Marshall Thurber,9472
Spike Lee,388
Spike Lee,12412
Spike Lee,1883
Spike Lee,9469
Spike Lee,10279
Spike Lee,34152
Spike Lee,61752
Spike Lee,41823
Spike Lee,24664
Spike Lee,36739
Spike Lee,925
Spike Lee,1429
Spike Lee,23618
Spike Lee,49471
Spike Lee,278316
Spike Lee,27995
Brian Helgeland,2112
Brian Helgeland,9476
Brian Helgeland,109410
Brian Helgeland,9616
Brian Helgeland,276907
Frank Marshall,10329
Frank Marshall,9036
Frank Marshall,7305
Frank Marshall,6488
Hideo Nakata,10320
Peter Hewitt,8920
Peter Hewitt,14113
Peter Hewitt,9449
Peter Hewitt,1649
Joe Roth,13673
Joe Roth,11467
Bennett Miller,60308
Bennett Miller,398
Jaume Collet-Serra,225574
Jaume Collet-Serra,241554
Jaume Collet-Serra,48138
Jaume Collet-Serra,10066
Jaume Collet-Serra,21208
Jaume Collet-Serra,332567
Andy Fickman,13836
Andy Fickman,256961
Andy Fickman,88042
Andy Fickman,9655
Andy Fickman,13680
Andy Fickman,38303
James McTeigue,752
James McTeigue,22832
James McTeigue,70436
James McTeigue,334074
Matthew O'Callaghan,9975
Angela Robinson,11451
Angela Robinson,540
Gary Fleder,12103
Gary Fleder,4965
Gary Fleder,14325
Gary Fleder,9437
Gary Fleder,204082
Gary Fleder,400
Tommy Wirkola,60304
Tommy Wirkola,14451
Adrian Lyne,2251
Adrian Lyne,10068
Adrian Lyne,10998
Adrian Lyne,535
Stephen Gaghan,231
Stephen Gaghan,15992
Jorge R. Gutierrez,228326
Richard Loncraine,9754
Richard Loncraine,11823
Richard Loncraine,31174
Christophe Gans,588
Howard Deutch,10393
Howard Deutch,2122
Howard Deutch,13596
Jon Hurwitz,71552
Jon Hurwitz,13335
Steven Quale,216282
Steven Quale,55779
John Landis,306
John Landis,525
John Landis,1621
John Landis,8469
John Landis,11598
Alexander Witt,1577
Beeban Kidron,9801
Carl Franklin,2116
Carl Franklin,11560
Carl Franklin,53113
Steven Seagal,9624
Danny Boyle,1907
Danny Boyle,1272
Danny Boyle,44115
Danny Boyle,321697
Danny Boyle,68727
Danny Boyle,12405
Danny Boyle,170
Danny Boyle,627
Andrew Bergman,9879
Andrew Bergman,75531
Barbet Schroeder,11892
Barbet Schroeder,6071
Peter Webber,1248
Peter Webber,3635
Andrew Niccol,72710
Andrew Niccol,1830
Andrew Niccol,782
Andrew Niccol,49530
Andrew Niccol,253626
John Carpenter,10061
John Carpenter,2687
John Carpenter,1091
John Carpenter,10016
John Carpenter,6978
John Carpenter,9945
John Carpenter,790
John Carpenter,948
John Carpenter,1103
John Carpenter,8337
Wes Anderson,421
Wes Anderson,10315
Wes Anderson,120467
Wes Anderson,9428
Wes Anderson,83666
Wes Anderson,11545
Wes Anderson,13685
David Cronenberg,2252
David Cronenberg,59
David Cronenberg,1946
David Cronenberg,48231
David Cronenberg,11336
David Cronenberg,9613
David Cronenberg,837
John Stockwell,11968
John Stockwell,9266
John Stockwell,10691
John Stockwell,308529
David Gordon Green,38319
David Gordon Green,10317
David Gordon Green,10189
David Gordon Green,57431
David Gordon Green,157847
David Gordon Green,14054
David Gordon Green,13132
David Gordon Green,18292
Jim Sheridan,69668
Jim Sheridan,10060
Jim Sheridan,7445
Costa-Gavras,9770
Costa-Gavras,9045
Patrick Read Johnson,11212
Patrick Read Johnson,34086
Richard LaGravenese,109491
Richard LaGravenese,6023
Richard LaGravenese,1646
Richard LaGravenese,46889
Richard LaGravenese,206296
Danny DeVito,9275
Danny DeVito,7288
Danny DeVito,10410
George Armitage,12634
George Armitage,9434
Patrick Lussier,47327
Patrick Lussier,10577
Patrick Lussier,14435
Patrick Lussier,7006
James Wong,10796
James Wong,14164
James Wong,9286
James Wong,9532
Richard Curtis,18947
Richard Curtis,508
Richard Curtis,122906
Chuck Bowman,53953
Olivier Megaton,260346
Olivier Megaton,82675
Olivier Megaton,62835
Deepa Mehta,7504
Deepa Mehta,7509
Warren Beatty,8592
Warren Beatty,18254
Warren Beatty,9452
Penny Marshall,11091
Penny Marshall,11287
Penny Marshall,11858
Penny Marshall,2280
Ted Kotcheff,1368
Andrei Tarkovsky,593
Yvette Kaplan,5393
Stephen Frears,9095
Stephen Frears,315664
Stephen Frears,859
Stephen Frears,22215
Stephen Frears,243
Stephen Frears,10773
Stephen Frears,1165
Stephen Frears,205220
Stephen Frears,3472
Stephen Frears,11240
P.J. Hogan,8874
Brad Furman,325789
Brad Furman,50348
Brad Furman,146238
Terence Young,113464
Terence Young,660
Terence Young,657
Terence Young,646
David Zucker,4256
David Zucker,4257
David Zucker,37137
David Zucker,13948
David Zucker,2830
Denis Villeneuve,146233
Denis Villeneuve,273481
Denis Villeneuve,46738
Thomas Carter,7214
Thomas Carter,232679
Thomas Carter,9816
Roger Michell,1537
Roger Michell,509
Roger Michell,38357
Luis Llosa,9360
Luis Llosa,2636
Melville Shavelson,27983
Garth Jennings,7453
Joel Zwick,15045
Joel Zwick,8346
Russell Mulcahy,7737
Russell Mulcahy,8850
Russell Mulcahy,8009
Russell Mulcahy,24206
David R. Ellis,9759
David R. Ellis,19912
David R. Ellis,326
David R. Ellis,9358
David R. Ellis,65055
Peter Howitt,9486
Peter Howitt,11141
Peter Howitt,9989
Peter Howitt,10215
John A. Davis,9906
John A. Davis,12589
David Lynch,841
David Lynch,1018
David Lynch,404
David Lynch,1955
David Lynch,985
Julie Taymor,4688
Julie Taymor,44638
Julie Taymor,1360
Mathieu Kassovitz,9381
Mathieu Kassovitz,4970
John Gray,9625
John Schultz,20856
John Schultz,21972
John Schultz,14429
Sean Penn,5955
Sean Penn,5915
Susan Stroman,9899
Simon Wincer,9826
Simon Wincer,9290
Simon Wincer,2453
Simon Wincer,9588
Billy Bob Thornton,21355
Billy Bob Thornton,12498
Danny Pang,13184
Danny Pang,244339
George P. Cosmatos,38153
George P. Cosmatos,1369
George P. Cosmatos,11969
Oliver Parker,58233
Oliver Parker,9026
Oliver Parker,24137
Lawrence Kasanoff,116977
Ben Affleck,68734
Ben Affleck,23168
Brian Gibson,9623
Brian Gibson,15765
Ben Sharpsteen,10895
Michael Cimino,10935
Michael Cimino,11778
Paul McGuigan,228066
Paul McGuigan,11208
Paul McGuigan,186
Gus Van Sant,711
Gus Van Sant,10139
Gus Van Sant,577
Gus Van Sant,133694
Gus Van Sant,489
Gus Van Sant,1956
Gus Van Sant,468
Roger Kumble,11812
Roger Kumble,35169
Roger Kumble,796
Burr Steers,37950
Burr Steers,16996
Burr Steers,58431
Burr Steers,9685
Nick Park,7443
Nick Park,533
John Hamburg,5966
John Hamburg,16538
John Hamburg,16155
Reginald Hudlin,11066
Reginald Hudlin,12771
Reginald Hudlin,16888
Joseph L. Mankiewicz,8095
Barbra Streisand,25189
Barbra Streisand,10333
Barbra Streisand,10269
Mark Pellington,2637
Mark Pellington,1073
Mark Pellington,37003
John Glen,709
John Glen,708
John Glen,707
John Glen,699
John Glen,700
Catherine Hardwicke,49730
Catherine Hardwicke,8966
Catherine Hardwicke,2447
Catherine Hardwicke,9787
Catherine Hardwicke,11023
Catherine Hardwicke,215881
John Herzfeld,2749
John Herzfeld,10425
Annabel Jankel,9607
Julie Anne Robinson,54054
Julie Anne Robinson,35690
Seth Rogen,228967
Seth Rogen,109414
Sngmoo Lee,46528
Jamel Debbouze,280391
Gordon Chan,10610
Asger Leth,49527
John G. Avildsen,1885
John G. Avildsen,1366
Anne Fletcher,18240
Anne Fletcher,82687
Anne Fletcher,268920
Anne Fletcher,6557
Anne Fletcher,9762
Bruce Beresford,10398
Bruce Beresford,33870
Bruce Beresford,374461
Bruce Beresford,403
Sam Taylor-Johnson,216015
Sam Taylor-Johnson,33511
Ken Kwapis,10184
Ken Kwapis,78698
Ken Kwapis,2959
Ken Kwapis,9779
Wes Craven,4234
Wes Craven,41446
Wes Craven,377
Wes Craven,10012
Wes Craven,11460
Wes Craven,43931
Wes Craven,4233
Wes Craven,4232
Wes Craven,12158
Wes Craven,11596
Etan Cohen,257091
Nick Cassavetes,193610
Nick Cassavetes,8470
Nick Cassavetes,11036
Nick Cassavetes,10024
Nicholas Stoller,32823
Nicholas Stoller,325133
Nicholas Stoller,9870
Nicholas Stoller,72207
Nicholas Stoller,195589
Mark A.Z. Dippé,10336
Callan Brunker,68179
Nimród Antal,34851
Nimród Antal,4597
Nimród Antal,193613
Alejandro Agresti,2044
Peter Hedges,71864
Peter Hedges,1550
Paul Weiland,10761
Colin Strause,440
Colin Strause,42684
Joan Chen,10641
Greg Mottola,39513
Greg Mottola,8363
Greg Mottola,16614
Jake Kasdan,225886
Jake Kasdan,6575
Jake Kasdan,52449
Jake Kasdan,16148
Diane Keaton,10385
Kelly Makin,10154
Stephen Daldry,64685
Stephen Daldry,8055
Stephen Daldry,590
Stephen Daldry,206563
Stephen Daldry,71
Christian Duguay,11398
Christian Duguay,15074
Justin Chadwick,12184
Justin Chadwick,192136
Pat O'Connor,1921
Frederik Du Chau,18937
Frederik Du Chau,6439
Irwin Winkler,15556
Irwin Winkler,1642
Irwin Winkler,11457
Irwin Winkler,15237
Joseph Kahn,10718
Joseph Kahn,68684
Sofia Coppola,1887
Sofia Coppola,39210
Sofia Coppola,1443
Sofia Coppola,153
Stephen T. Kay,10461
Stephen T. Kay,8968
Stephen T. Kay,34941
Juan Antonio Bayona,80278
Juan Antonio Bayona,6537
Elaine May,12704
Dennie Gordon,11025
Dennie Gordon,10735
Dennie Gordon,10956
Dennie Gordon,220488
Charles Shyer,8849
Ulu Grosbard,30943
William Malone,9544
William Malone,11377
Malcolm D. Lee,14655
Malcolm D. Lee,13490
Malcolm D. Lee,12277
Malcolm D. Lee,4258
Malcolm D. Lee,146304
Malcolm D. Lee,14544
Malcolm D. Lee,16162
Jerry Jameson,24575
Jerry Jameson,331190
Mic Rodgers,10366
Christian Alvart,19898
Christian Alvart,28355
Jean-Marie Poiré,56715
Jean-Marie Poiré,10353
Jean-Marie Poiré,11687
Marc F. Adler,20542
Geoffrey Sax,9978
Geoffrey Sax,11804
Richard Shepard,5353
Richard Shepard,9515
Richard Shepard,192134
Peter Chan,14392
Sergei Bodrov Jr.,19495
Bong Joon-ho,110415
Bong Joon-ho,1255
Bibo Bergeron,77459
Jeff Nathanson,26486
S.S. Rajamouli,256040
Charles S. Dutton,8842
Jonathan Lynn,9099
Jonathan Lynn,2069
Jonathan Lynn,10377
Jonathan Lynn,44147
David Carson,193
Wong Kar-wai,44865
Wong Kar-wai,844
Wong Kar-wai,1989
Yuefeng Song,257932
Norman Jewison,10400
Norman Jewison,3587
Norman Jewison,41488
Norman Jewison,28932
Norman Jewison,14811
David Mirkin,10833
Luis Mandoki,5852
Luis Mandoki,10207
Lee Daniels,25793
Lee Daniels,132363
Jeb Stuart,10871
Jeb Stuart,41894
Steve Miner,13503
Steve Miner,9825
Steve Miner,11342
Steve Miner,9728
Steve Miner,9725
Paul Thomas Anderson,68722
Paul Thomas Anderson,334
Paul Thomas Anderson,7345
Paul Thomas Anderson,8051
Paul Thomas Anderson,171274
Paul Thomas Anderson,4995
David Leland,14324
David Leland,17044
J Blakeson,299687
Ryan Coogler,312221
Ryan Coogler,157354
Kirk Jones,76494
Kirk Jones,11283
Kirk Jones,26171
Kirk Jones,302688
Kirk Jones,10162
Jennifer Flackett,10488
Kevin Smith,23742
Kevin Smith,9541
Kevin Smith,10358
Kevin Smith,2294
Kevin Smith,1832
Kevin Smith,2293
Kevin Smith,2295
Kevin Smith,290825
Kevin Smith,48572
Kevin Smith,246403
Kevin Smith,2255
Kevin Smith,2292
Christian Ditter,259694
Charles Martin Smith,62837
Charles Martin Smith,227735
Charles Martin Smith,20737
Fyodor Bondarchuk,16911
Irvin Kershner,36670
Irvin Kershner,1891
Steve Pink,23048
Steve Pink,243938
Steve Pink,222899
Scott Hicks,10219
Scott Hicks,11313
Scott Hicks,3638
Scott Hicks,77877
Scott Hicks,7863
Kirk De Micco,11802
Chris Rock,9776
Chris Rock,14434
Chris Rock,284296
Wilson Yip,365222
Robert Wise,152
Robert Wise,15121
Robert Wise,10514
Robert Wise,1725
Kevin Rodney Sullivan,11638
Kevin Rodney Sullivan,33644
Kevin Rodney Sullivan,21301
Kevin Munroe,1273
Kevin Munroe,43935
Mike Tollin,13920
Mike Tollin,26602
Patrick Tatopoulos,12437
Gary David Goldberg,11648
Tobe Hooper,609
Tobe Hooper,11954
Tobe Hooper,31909
Tobe Hooper,30497
Tobe Hooper,16337
Alan Poul,34806
Luke Greenfield,49022
Luke Greenfield,10591
Luke Greenfield,11090
Luke Greenfield,193893
Gil Junger,11469
Gil Junger,4951
Michael Ritchie,23479
Michael Ritchie,17834
Michael Ritchie,10136
Steven E. de Souza,11667
Alexandre Aja,13515
Alexandre Aja,43593
Alexandre Aja,9792
Alexandre Aja,10226
Michael Rymer,11979
Michael Rymer,22314
Hugh Wilson,11622
Hugh Wilson,2925
Hugh Wilson,17709
Hugh Wilson,9336
Mike Hodges,3604
Scott Mann,336004
Susanna White,35019
Susanna White,205588
Chris Carter,8836
Tommy O'Haver,14442
Tommy O'Haver,10050
Peter Landesman,321741
Gary Chapman,14175
Craig Mazin,11918
Craig Mazin,29015
Allen Hughes,98357
Kimble Rendall,118957
Peter Yates,849
Lasse Hallström,6440
Lasse Hallström,1947
Lasse Hallström,112949
Lasse Hallström,392
Lasse Hallström,22971
Lasse Hallström,9903
Lasse Hallström,228194
Lasse Hallström,28178
Lasse Hallström,1587
Jean-Marc Vallée,18320
Jean-Marc Vallée,228970
Jean-Marc Vallée,152532
Tsui Hark,37498
Lexi Alexander,13056
Ronny Yu,49478
Ronny Yu,1613
Ronny Yu,6466
Ronny Yu,11932
Bille August,9311
Bille August,1874
Moustapha Akkad,26843
Jean-Paul Rappeneau,11876
Jean-Paul Rappeneau,14652
Joachim Rønning,1969
Tony Kaye,310706
Tony Kaye,73
Tony Kaye,44260
Ken Scott,239573
Ken Scott,146239
Hugh Johnson,2162
Hayao Miyazaki,12429
Hayao Miyazaki,4935
Hayao Miyazaki,128
Hayao Miyazaki,129
"George Tillman, Jr.",228205
"George Tillman, Jr.",11978
"George Tillman, Jr.",41283
"George Tillman, Jr.",29461
Rand Ravich,2900
Hugh Hudson,21311
Hugh Hudson,9443
Ben Stassen,202575
Ben Stassen,49953
Chris Gorak,71469
Scott Speer,85446
Joe Charbanic,10685
Jonathan Hensleigh,7220
Danny Cannon,9763
Danny Cannon,3600
Boaz Yakin,72387
Boaz Yakin,10637
Boaz Yakin,272878
Richard Marquand,1892
Neil Marshall,13460
Neil Marshall,23759
Neil Marshall,9392
David Wain,50647
David Wain,15373
David Wain,13173
David Wain,180296
Jared Hess,9353
Jared Hess,22820
Jared Hess,8193
Rupert Wainwright,10307
John Luessenhop,22907
John Luessenhop,76617
Justin Zackham,87567
John Gatins,12920
Miguel Sapochnik,31867
Shim Hyung-Rae,10253
Shim Hyung-Rae,70829
Don Scardino,124459
Tim Robbins,32274
Tim Robbins,687
Tom Reeve,5494
Nanette Burstein,38073
Ariel Vromen,302156
Ariel Vromen,68812
Lewis Gilbert,698
Lewis Gilbert,691
Lewis Gilbert,667
John Francis Daley,296099
J.B. Rogers,2770
J.B. Rogers,20309
Michael Sucsy,72570
Tom Vaughan,27569
Tom Vaughan,9029
Stephen Hillenburg,11836
Stig Bergqvist,16340
Jason Reitman,22947
Jason Reitman,130150
Jason Reitman,57157
Jason Reitman,9388
Jason Reitman,7326
Alexander Payne,2755
Alexander Payne,65057
Alexander Payne,9675
Alexander Payne,129670
Alexander Payne,9451
Jonathan Levine,82654
Jonathan Levine,40807
Jonathan Levine,13990
Jonathan Levine,9022
Rian Johnson,59967
Rian Johnson,21755
Chris Noonan,9598
Chris Noonan,13967
Michael McCullers,8780
Forest Whitaker,9715
Woody Allen,59436
Woody Allen,2779
Woody Allen,81836
Woody Allen,11382
Woody Allen,2639
Woody Allen,9716
Woody Allen,160588
Woody Allen,10569
Woody Allen,10739
Woody Allen,5038
Woody Allen,30890
Woody Allen,9689
Woody Allen,116
Woody Allen,19265
Woody Allen,38031
Woody Allen,9466
Woody Allen,703
Woody Allen,512
Woody Allen,11561
Woody Allen,11624
Woody Allen,11302
Peter Lepeniotis,227783
Ted Demme,4133
William Shatner,172
James Gartner,9918
Lee Toland Krieger,293863
Lee Toland Krieger,84184
Tim McCanlies,13156
Tim McCanlies,78373
Drew Goddard,22970
Jason Friedberg,7278
Jason Friedberg,10073
Jason Friedberg,9760
Jason Friedberg,40264
Jason Friedberg,13805
Paul Michael Glaser,865
John R. Leonetti,9823
John R. Leonetti,250546
Tom Hanks,59861
Tom Hanks,9591
Kimberly Peirce,133805
Kimberly Peirce,8988
Kimberly Peirce,226
Liz Friedlander,12763
Phil Joanou,9766
Phil Joanou,257087
Shane Acker,12244
Martha Coolidge,11137
Stephen Anderson,51162
Troy Miller,10152
Tate Taylor,239566
Tate Taylor,50014
Brett Leonard,9271
Brett Leonard,10163
Alister Grierson,48340
Nick Hurran,14846
Charles Stone III,16232
Charles Stone III,13497
Paul Haggis,43539
Paul Haggis,6973
Paul Haggis,1640
Kurt Wimmer,9920
Kurt Wimmer,7299
Jean-François Richet,8978
Kevin Hooks,18550
Ellory Elkayem,8869
Niki Caro,9701
Niki Caro,228203
Niki Caro,1088
Vincenzo Natali,37707
Vincenzo Natali,10133
Vincenzo Natali,10981
Vincenzo Natali,431
Willard Huyck,10658
Gavin O'Connor,13150
Gavin O'Connor,14292
Gavin O'Connor,59440
Gavin O'Connor,174751
Gavin O'Connor,55123
Bruce Hunt,9042
Christopher Roberts,10350
Kim Jee-woon,76640
Kim Jee-woon,15067
Nick Hamm,11058
Andy Cadiff,14844
Mike Disa,57089
Richard J. Lewis,46829
Sergio Leone,311
Sergio Leone,335
Sergio Leone,429
Sergio Leone,391
Niels Arden Oplev,102362
Michael Radford,11162
Michael Radford,268171
Steve Boyum,17186
Steve Boyum,40688
Chen Kaige,2008
Corey Yuen Kwai,9053
Andrew Dominik,4512
Andrew Dominik,64689
Jackie Chan,76349
Laurent Tirard,31203
Laurent Tirard,21494
Reinhard Klooss,50135
Frédéric Auburtin,271331
Olivier Dahan,215211
Maksim Fadeev,367961
Liliana Cavani,10955
Elizabeth Banks,254470
Edward Norton,4967
Ben Falcone,323676
Ben Falcone,226486
Richard Attenborough,12506
Richard Attenborough,5902
Richard Attenborough,783
Richard Attenborough,10445
Don Mancini,11249
John Maybury,9667
Norton Virgien,14444
Norton Virgien,20694
Shinji Aramaki,192577
Miguel Arteta,218778
Miguel Arteta,22327
Miguel Arteta,52067
Miguel Arteta,9962
Miguel Arteta,44490
James Gray,2001
James Gray,19457
James Gray,152599
James Gray,10362
Janusz Kamiński,10383
Robert B. Weide,13092
Jeff Wadlow,59859
Jeff Wadlow,8456
Jeff Wadlow,10092
Agustín Díaz Yanes,13495
Camille Delamarre,254473
Camille Delamarre,287948
David Lean,15927
David Lean,947
David Lean,907
David Lean,826
Richard Eyre,1259
Richard Eyre,11889
Nicholas Meyer,174
Nicholas Meyer,154
Callie Khouri,9583
Callie Khouri,12085
Sanaa Hamri,10188
Sanaa Hamri,38093
Todd Graff,63574
Todd Graff,23367
Philip Kaufman,9549
Philip Kaufman,10876
Saul Dibb,12783
Walter Murch,13155
Richard Linklater,42807
Richard Linklater,12404
Richard Linklater,1584
Richard Linklater,3509
Richard Linklater,9571
Richard Linklater,92591
Richard Linklater,85350
Richard Linklater,132344
Richard Linklater,76
Richard Linklater,80
Richard Linklater,14022
E. Elias Merhige,8080
E. Elias Merhige,10873
Menno Meyjes,5126
Jodie Foster,303858
Jodie Foster,50780
Jodie Foster,9089
Scott Frank,169917
Kevin Allen,17047
Kevin Allen,20468
Michael Cristofer,2057
Andrew Morahan,8011
Bob Rafelson,31640
Bob Rafelson,11027
Michael Cohn,9092
Alan Shapiro,36355
Fernando Meirelles,1985
Fernando Meirelles,8338
Fernando Meirelles,598
Michael Hoffman,239571
Michael Hoffman,36811
Michael Hoffman,17187
Oleg Stepchenko,208763
Michael Winterbottom,254024
Michael Winterbottom,1988
Michael Winterbottom,44853
Michael Winterbottom,37414
Michael Winterbottom,2577
Michael Winterbottom,8435
Michael Pressman,1497
Sharon Maguire,634
Charles Herman-Wurmfeld,10327
Charles Herman-Wurmfeld,15647
Charles Herman-Wurmfeld,14014
Gábor Csupó,1265
Tyler Perry,175555
Tyler Perry,44944
Tyler Perry,35688
Tyler Perry,103370
Tyler Perry,26367
Tyler Perry,15670
Tyler Perry,17202
Tyler Perry,62008
Tyler Perry,16781
Joe Carnahan,75174
Joe Carnahan,7516
Joe Carnahan,11022
John Polson,11096
John Polson,20616
Bernardo Bertolucci,746
Bernardo Bertolucci,8416
Cathy Malkasian,14317
Chris Nahon,2140
Fred Wolf,12620
Fred Wolf,14220
Bille Woodruff,14177
Bille Woodruff,10028
Bille Woodruff,235271
Bille Woodruff,378200
Victor Salva,11351
Victor Salva,8922
Victor Salva,13689
Mark Helfrich,10030
Steve Bendelack,1268
Dwight H. Little,11237
Dwight H. Little,11357
Guillaume Canet,190955
Guillaume Canet,48034
Kirsten Sheridan,5123
Richard Fleischer,11165
Richard Fleischer,9610
Richard Fleischer,9626
Richard Fleischer,173
Bob Spiers,6116
Damien Dante Wayans,21724
John Wells,152737
John Wells,295964
Tim Fywell,13374
Nigel Cole,8976
Nigel Cole,46138
Dexter Fletcher,319888
Jeremy Leven,1909
Sylvain White,34813
Sylvain White,1931
Troy Nixey,46261
Philip G. Atwell,10431
Jeff Schaffer,9352
James Bridges,17170
Steve Barron,18975
Bill Paxton,15487
Bill Paxton,12149
Richard Kelly,22825
Richard Kelly,4723
Richard Kelly,141
Carter Smith,11152
John Schlesinger,1831
John Schlesinger,17182
John Schlesinger,3116
Ringo Lam,10861
Bruce McCulloch,12770
Bruce McCulloch,13824
Patricia Riggen,293646
Patricia Riggen,339984
Patricia Riggen,32579
Pascal Chaumeil,133698
Jonathan Kaplan,17707
Ole Bornedal,77883
Richard Benjamin,40001
Richard Benjamin,32316
Richard Benjamin,12120
Craig R. Baxley,21338
Craig R. Baxley,10117
John Hillcoat,20766
John Hillcoat,146198
John Hillcoat,16608
John Guillermin,24264
Marcos Siega,19803
Rachel Talalay,9067
Rachel Talalay,11284
Jeffrey W. Byrd,27360
Atom Egoyan,9729
Atom Egoyan,16351
Atom Egoyan,47692
Atom Egoyan,28211
Atom Egoyan,10217
Atom Egoyan,20156
Robert Towne,22256
Giuseppe Tornatore,152742
Werner Herzog,11699
Werner Herzog,9952
Jérôme Deschamps,25353
Inna Evlannikova,36696
Jonathan English,38543
Sergey Bondarchuk,33157
Teddy Chan,290864
Teddy Chan,30596
Mario Van Peebles,242166
Mario Van Peebles,74457
Leonard Nimoy,168
Leonard Nimoy,157
Leonard Nimoy,12154
Herbert Ross,1788
Bonnie Hunt,2621
Neil LaBute,10480
Neil LaBute,13279
Neil LaBute,14585
Grant Heslov,10313
George Gallo,18828
George Gallo,17995
Sidney Lumet,24961
Sidney Lumet,24226
Sidney Lumet,9950
Sidney Lumet,61337
Sidney Lumet,10774
Sidney Lumet,389
Douglas McGrath,70868
Douglas McGrath,9672
Douglas McGrath,29339
Kevin Spacey,6478
Kevin Spacey,8744
Richard Williams,26672
Mary McGuckian,45881
Tony Goldwyn,12658
Tony Goldwyn,28029
Jonathan Newman,227707
Michael Dinner,19150
Joseph Sargent,580
Jerry Zaks,9819
Fred Durst,13579
Anne Fontaine,11156
Anne Fontaine,111190
Jon Cassar,354110
Mira Nair,11632
Mira Nair,63020
Mira Nair,16727
Mira Nair,28005
Mira Nair,480
Mel Brooks,957
Mel Brooks,10156
Mel Brooks,10970
Mel Brooks,12535
Mel Brooks,3034
Mel Brooks,11072
Russell Crowe,256917
Jessie Nelson,10950
Jessie Nelson,333348
Christopher Spencer,235260
Mike Bigelow,11453
Daniel Sackheim,2176
Deborah Kaplan,19366
Deborah Kaplan,15037
Uli Edel,24100
Uli Edel,6968
Fred Dekker,5550
Brian Trenchard-Smith,30379
Brian Trenchard-Smith,256092
Brian Trenchard-Smith,56491
Blake Edwards,42586
Blake Edwards,11843
Laurence Dunmore,7548
Christian Carion,11661
Dax Shepard,109513
Rowan Joffe,204922
Rowan Joffe,62728
John Curran,44113
John Curran,14202
Juan José Campanella,153158
Juan José Campanella,25376
Trey Parker,9473
Trey Parker,3989
Trey Parker,8675
Stuart Gillard,1499
Stuart Gillard,50942
Katt Shea,7341
Joshua Michael Stern,10187
Tomas Alfredson,49517
John Duigan,44857
Colin Higgins,16363
Jim Sonzero,9682
Penelope Spheeris,8872
Jeff Tremaine,16290
Jeff Tremaine,208134
Jeff Tremaine,12094
Jeff Tremaine,9012
Jeannot Szwarc,579
Jeannot Szwarc,16633
Steve McQueen,76203
Steve McQueen,76025
Thea Sharrock,296096
Jon Lucas,376659
Jon Lucas,107811
Robin Budd,16690
Ava DuVernay,273895
Ava DuVernay,83588
Steve Trenbirth,14873
Mennan Yapo,9963
Jun Falkenstein,15655
Tom McCarthy,314365
Tom McCarthy,2056
Takashi Shimizu,1975
Takashi Shimizu,1970
Gary Nelson,9570
Anton Corbijn,27579
Anton Corbijn,157849
Anton Corbijn,5708
Gregory Nava,16052
John Patrick Shanley,14359
Joshua Logan,20391
Steve Beck,9645
Steve Beck,9378
Todd Strauss-Schulson,55465
John McNaughton,617
Nelson McCormick,19904
Nelson McCormick,8617
Eric Valette,6933
Eric Valette,69270
Andrew Fleming,14043
Andrew Fleming,9100
Andrew Fleming,16406
Andrew Fleming,12621
Michael Spierig,19901
Jim Field Smith,34016
Thomas Bezucha,59860
Thomas Bezucha,9043
William Brent Bell,10069
William Brent Bell,321258
William Brent Bell,76487
Ben Gluck,12819
Jessica Bendinger,10115
Henry Joost,328387
Henry Joost,72571
Henry Joost,82990
Ed Harris,12690
Ed Harris,12509
Alfred Hitchcock,539
Alfred Hitchcock,2370
Alfred Hitchcock,573
Alfred Hitchcock,5854
Alfred Hitchcock,5780
Alfred Hitchcock,4174
Alfred Hitchcock,223
Alfred Hitchcock,11219
Shana Feste,226857
Shana Feste,45272
Shana Feste,32395
Steve Rash,47941
Steve Rash,19489
Mike Binder,2355
Mike Binder,11354
Mike Binder,253331
Michael J. Bassett,61012
Frank Nissen,13682
Stephen Chow,9470
Stephen Chow,13688
Stephen Chow,11770
Peter Hastings,18357
Paul Abascal,15644
Chris Koch,9582
Chris Koch,15489
Amy Heckerling,10642
Amy Heckerling,73935
Amy Heckerling,9603
Amy Heckerling,13342
Michael Moore,22074
Michael Moore,2359
Michael Moore,1777
Michael Moore,1430
Michael Moore,13516
Michael Moore,1779
George Stevens,2428
Billy Ray,290751
Billy Ray,13537
Mark Mylod,63492
Stephen St. Leger,81796
Michael O. Sajbel,15005
Michael O. Sajbel,14624
Charles T. Kanganis,18885
Damon Santostefano,10563
Bob Clark,31117
Bob Clark,22345
Bob Clark,10246
Bob Clark,850
Frank Passingham,24432
Benson Lee,109417
Glen Morgan,10929
Glen Morgan,9656
Mike Leigh,46435
Mike Leigh,245700
Mike Leigh,11109
Mike Leigh,12454
Mike Leigh,44009
Alejandro Monteverde,256962
Alejandro Monteverde,12586
Jonathan Glazer,10740
Jonathan Glazer,97370
Jonathan Glazer,11826
J.C. Chandor,241239
J.C. Chandor,152747
J.C. Chandor,50839
Paul Gross,14582
Paul Gross,34341
Marc Abraham,14914
Todd Haynes,3902
Todd Haynes,10712
Todd Haynes,1808
Mabrouk El Mechri,77948
Charlie Kaufman,4960
Charlie Kaufman,291270
Nancy Walker,40932
Angelo Pizzo,334531
Matthew Diamond,112937
Katsuhiro Ōtomo,8953
Katsuhiro Ōtomo,149
David Anspaugh,29078
Andrew Jarecki,46503
Daniel Algrant,11458
Mike Barker,13250
Wayne Thornley,133931
Gnana Rajasekaran,280871
Tom Walsh,239897
Jonathan Jakubowicz,184341
Scott Walker,199373
Mark Rosman,11247
Mark Rosman,15648
Rob Hawk,385383
Britt Allcroft,16110
Alan Yuen,244114
Brian Percival,203833
Anand Tucker,25195
Anand Tucker,45791
Anand Tucker,2610
Anthony Mann,17277
Michael Dowse,50725
Michael Dowse,12109
Daniel Barnz,82631
Daniel Barnz,38117
Emile Ardolino,73191
Robert Altman,22479
Robert Altman,5279
Robert Altman,9526
James Schamus,340611
Andrew Douglas,10065
Ricky Gervais,23082
Vic Armstrong,218043
Terry Zwigoff,10147
Terry Zwigoff,1548
Audrey Wells,10934
Rick Friedberg,10535
Sean McNamara,43959
Sean McNamara,14024
Jody Hill,16991
Brandon Camp,25643
Kevin Tancharoen,28665
Kevin Tancharoen,67675
Nicholas Hytner,10560
Nicholas Hytner,17127
Nicholas Hytner,8618
Bart Freundlich,20483
Bart Freundlich,14057
William A. Fraker,38665
John Boorman,2575
John Boorman,11586
John Boorman,26039
Courtney Solomon,146227
Courtney Solomon,10008
Jeff Kanew,22102
István Szabó,18701
Matthew Robbins,848
Hal Needham,27380
Jeff Nichols,245703
Jeff Nichols,103731
Jeff Nichols,64720
Jeff Nichols,12247
Jonathan Teplitzky,127560
Michael Haneke,37903
Michael Haneke,8461
Michael Haneke,86837
Zack Ward,396152
Mike Marvin,10017
Gregor Jordan,17436
Gregor Jordan,9104
Olivier Assayas,43434
Olivier Assayas,39851
Tran Anh Hung,31166
Lance Hool,69848
Christian Volckman,9389
Rodrigo Cortés,75638
Rodrigo Cortés,26388
David Hayter,290555
Cory Edwards,10982
Terry George,205
Xavier Gens,1620
Xavier Gens,38541
Kasi Lemmons,175541
Kasi Lemmons,25208
Kasi Lemmons,45153
Brian A Miller,241254
Matt Dillon,31932
George Cukor,11113
John Robert Hoffman,21765
Kevin Greutert,41439
Kevin Greutert,22804
John Fortenberry,9429
Erik White,41382
Christian Robinson,13960
Jason Moore,114150
Robert Harmon,16028
Robert Harmon,10413
Trent Cooper,15639
Gary Halvorson,16112
Nicholas Ray,27759
Fede Alvarez,109428
Sidney J. Furie,11411
Ian Iqbal Rashid,16988
Wayne Kramer,7304
Wayne Kramer,10744
Rowdy Herrington,24747
Rowdy Herrington,10135
Jim Goddard,58048
Noel Marshall,2989
Andrea Di Stefano,255343
Guillaume Ivernel,10800
Jack Smight,25763
Jack Smight,26268
Todd Lincoln ,79694
Howard Zieff,4032
Howard Zieff,10765
Steven Shainberg,18615
Steven Shainberg,11013
Julian Jarrold,2977
Julian Jarrold,291081
Joe Nussbaum,10760
Joe Nussbaum,9893
Joe Nussbaum,51588
Vadim Perelman,11093
Vadim Perelman,13079
Michel Hazanavicius,74643
Cyrus Nowrasteh,318850
Perry Andelin Blake,13908
Christian E. Christiansen,49950
Sheldon Lettich,9594
Sheldon Lettich,15797
Diane English,13972
Peter Flinth,13491
Robert Iscove,10571
Robert Iscove,31246
Robert Iscove,10314
Peter Kosminsky,10994
Nick Gomez,25166
Allen Coulter,23169
Clare Kilner,17403
Clare Kilner,6961
Josef Rusnak,1090
Lance Rivera,18475
Ronald Neame,40160
Bruce Paltrow,18074
Adam Rifkin,9781
Adam Rifkin,176074
Susanne Bier,3877
Kenneth Johnson,8854
James Ivory,18840
James Ivory,1245
James Ivory,87729
James Ivory,42819
James Ivory,8293
James Ivory,11257
James Ivory,26371
Jessy Terrero,12657
Dany Boon,8265
Vicente Amorim,12410
Gaspar Noé,34647
Gaspar Noé,979
Jérôme Salle,185567
Tommy Lee Jones,264656
Tommy Lee Jones,8053
Jesse Vaughan,35696
William Bindley,38717
Wayne Beach,18777
Gérard Krawczyk,2110
Udayan Prasad,22556
Yoon Je-kyoon,33196
Morten Tyldum,205596
Morten Tyldum,70670
Andy Muschietti,132232
Gillian Armstrong,9587
Gillian Armstrong,39780
James Watkins,65086
James Watkins,13510
Jim Fall,18736
Ric Roman Waugh,134411
Michael Dougherty,287903
Joel Gallen,11397
James Marsh,266856
James Marsh,14048
Matt Williams,10564
Rob Zombie,24150
Rob Zombie,1696
Rob Zombie,2662
Rob Zombie,104755
Dennis Iliadis,18405
Rick Rosenthal,11442
Denzel Washington,14047
Denzel Washington,13435
Nicolas Winding Refn,64690
Nicolas Winding Refn,301365
Nicolas Winding Refn,77987
Nicolas Winding Refn,18533
Sara Sugarman,11132
Juan Carlos Fresnadillo,1562
Gina Prince-Bythewood,14736
Gina Prince-Bythewood,12837
Gina Prince-Bythewood,241771
Phil Traill,23706
Joe Berlinger,11531
Elizabeth Allen Rosenbaum,38843
Elizabeth Allen Rosenbaum,14191
Michael Mayer,14012
Michael Mayer,18923
Martin Weisz,9793
John Ottman,12212
John Bonito,8975
Peter Atencio,342521
David Nutter,9424
Derek Cianfrance,97367
Derek Cianfrance,46705
Stephan Elliott,18681
Stephan Elliott,16899
Mark L. Lester,11495
Mark L. Lester,10999
Mark L. Lester,13154
Mark L. Lester,11564
Tom Green,13166
Mike Nawrocki,15511
Douglas Aarniokoski,12211
Douglas Aarniokoski,78383
Bryan Barber,13816
Lone Scherfig,51828
Lone Scherfig,24684
Drew Barrymore,22798
Brian Koppelman,7501
Brian Koppelman,36691
James Foley,10743
James Foley,9504
James Foley,9455
Albert Brooks,37718
Steve Gomer,17644
RZA,97430
Mark Piznarski,13539
Craig Brewer,7874
Craig Brewer,10476
David Raynr,16222
David Raynr,53862
Mort Nathan,9557
Dan Curtis,57943
Wil Shriner,18276
Martin McDonagh,8321
Martin McDonagh,86838
Tina Gordon Chism,72359
Peter Cattaneo,10186
Peter Cattaneo,15699
Peter Cattaneo,35944
Peter Cattaneo,9427
Mary Lambert,36047
Mary Lambert,8913
Peter Kassovitz,2290
Rodman Flender,6552
Katja von Garnier,10075
Mark Romanek,42188
Mark Romanek,9357
Brad Anderson,6687
Brad Anderson,158011
Brad Anderson,4553
Brad Anderson,10972
Brad Anderson,41469
Michael Chapman,13853
Antonio Banderas,31306
Khalil Sullins,331592
Fritz Lang,19
Hou Hsiao-hsien,253450
Andrey Zvyagintsev,11190
Tony Jaa,16353
Ryûhei Kitamura,10185
Darrell James Roodt,75033
Dito Montiel,74536
Stefan Ruzowitzky,31668
Stefan Ruzowitzky,97614
Stefan Ruzowitzky,1698
Jake Paltrow,13501
Juraj Jakubisko,15208
Anthony Silverston,172391
Gabe Ibáñez,262543
Gerry Lively,9288
Derek Yee Tung-Sing,20083
Julien Temple,40880
Gregory Jacobs,264999
Gilles Paquet-Brenner,53457
Peter Cousens,288980
Lars von Trier,1951
Lars von Trier,16
Lars von Trier,62215
John Cornell,9396
Vidhu Vinod Chopra,319910
Jamie Blanks,9877
Jamie Blanks,10984
Randal Kleiser,12227
Randal Kleiser,621
Randal Kleiser,5689
Phil Vischer,15173
Rick Famuyiwa,34563
Rick Famuyiwa,37964
Rick Famuyiwa,308639
Rick Famuyiwa,16158
Alan Cohn,14557
Franco Zeffirelli,10368
Tom Holland,10280
Tom Holland,10585
James Isaac,11470
Emilio Estevez,10741
Josh Schwartz,82679
Julian Schnabel,2013
Julian Schnabel,549
Todd Field,1440
Todd Field,1999
Davis Guggenheim,18041
Davis Guggenheim,15568
Davis Guggenheim,1781
Stephen Carpenter,14033
James Fargo,41317
Alain Resnais,37842
Kenneth Lonergan,44754
Kenneth Lonergan,14295
Bo Zenga,23988
Danny Leiner,8859
Danny Leiner,11282
Christopher Cain,11967
Christopher Cain,14877
Theodore Melfi,239563
Ed Decter,10985
Gene Quintano,9644
Eric Bress,1954
Preston A. Whitmore II,15250
Preston A. Whitmore II,14351
Kirk Wong,9448
Bronwen Hughes,38223
John Lafia,11186
Sam Miller,136835
Sam Miller,125123
Alex Garland,264660
Mark Brown,25462
Mark Brown,51820
Michael Polish,5172
Michael Polish,343795
Michael Polish,351043
Michael Polish,32235
Michael Polish,33430
Daisy von Scherler Mayer,58680
Daisy von Scherler Mayer,9027
Lenny Abrahamson,264644
Bob Saget,14577
Bob Saget,12486
John Waters,11592
John Waters,14195
John Waters,692
Craig Bolotin,19052
Mark Christopher,3682
Blair Hayes,9683
Jez Butterworth,2084
Isabel Coixet,2266
Isabel Coixet,20
Patrice Leconte,48217
Paul Mazursky,47502
Stephen Chbosky,84892
Jon Hess,24227
Mark Neveldine,157544
Joe Cornish,59678
John H. Lee,407887
John Stainton,17043
Benedek Fliegauf,59457
Paul Schrader,6217
Paul Schrader,18516
Paul Schrader,14112
Paul Schrader,36351
Paul Schrader,297596
Paul Schrader,109729
Stewart Hendler,26688
John Cromwell,43867
Mark Herman,14574
Mark Herman,8545
Abel Ferrara,21612
George Hickenlooper,45324
George Hickenlooper,12271
Don Bluth,12144
Kang Je-gyu,11658
William Dear,56601
William Dear,39055
Stéphane Aubier,126319
John Badham,860
Mike McCoy,75674
Mike Judge,3179
Mike Judge,1542
Mike Judge,12569
Mike Judge,7512
Tamra Davis,17130
Tamra Davis,9490
Nima Nourizadeh,57214
Franklin J. Schaffner,11202
Franklin J. Schaffner,16241
Franklin J. Schaffner,47890
John Erick Dowdle,13812
John Erick Dowdle,44040
John Erick Dowdle,256274
John Erick Dowdle,192141
David Moreau,9030
Christopher Erskin,19084
Brian Henson,10437
Dan Cutforth,101267
Josh Boone,222935
Jake Schreier,286565
Jake Schreier,84329
Cheryl Dunye,26710
Ernest R. Dickerson,9059
Lionel C. Martin,28353
Wallace Wolodarsky,6020
Nicholas Jarecki,60599
Dean Israelite,227719
Darnell Martin,14299
Scott Alexander,19419
Stuart Gordon,12088
Stuart Gordon,18191
Christopher Guest,14799
Christopher Guest,13785
Christopher Guest,13370
Christopher Guest,16448
Jane Campion,10944
Jane Campion,29963
Jane Campion,713
Fred Schepisi,14778
Antonia Bird,10212
Jon Poll,8669
Paolo Sorrentino,179144
Peter Care,16857
Park Chan-wook,86825
Park Chan-wook,4550
Park Chan-wook,670
Ira Sachs,8060
Ira Sachs,30082
Carroll Ballard,15907
Carroll Ballard,17264
Takeshi Kitano,327
Marco Kreuzpaintner,4170
Marco Kreuzpaintner,342
Lajos Koltai,41508
Alan Rudolph,12479
Lu Chuan,21345
Lijun Sun,173931
Takashi Yamazaki,61984
Christopher Smith,26466
Christopher Smith,5072
Timothy Hines,345003
David Winters,357837
Akira Kurosawa,13889
Akira Kurosawa,346
Jamie Thraves,18530
Mabel Cheung,358451
Dan Mazer,291870
R.J. Cutler,249164
David S. Ward,9942
Barnaby Thompson,10748
Rob Pritts,17708
John Crowley,167073
Brendan Malloy,14369
Dustin Hoffman,121826
Gregory Poirier,10646
Simon Curtis,304357
Simon Curtis,75900
Dewey Nicks,20009
Philip Saville,30973
Tim Blake Nelson,11065
William A. Graham,13888
Martin Ritt,42345
Martin Ritt,24748
John Turturro,13994
John Turturro,91076
Agnieszka Holland,1590
David Hackl,11917
David Hackl,244316
Giuliano Montaldo,45138
Lisa Azuelos,80271
Ray Lawrence,4657
Karan Johar,14395
Karan Johar,26022
Ruairi Robinson,190847
Jaume Balagueró,11056
Jaume Balagueró,10664
Jaume Balagueró,77495
Jaume Balagueró,8329
Jon Kasdan,13067
Léa Pool,25379
Léa Pool,89750
Floyd Mutrux,88641
Sajid Khan,58051
Dean Wright,96399
Eric Lartigau,304410
Shintaro Shimosawa,373314
Darren Lynn Bousman,214
Darren Lynn Bousman,663
Darren Lynn Bousman,14353
Darren Lynn Bousman,215
Darren Lynn Bousman,285743
James DeMonaco,316727
James DeMonaco,238636
James DeMonaco,158015
Bernhard Wicki,9289
Carol Reed,17917
Carol Reed,40494
Chuck Sheetz,19405
Marcus Raboy,10426
Marcus Raboy,25186
Leigh Whannell,280092
Michael Schultz,13938
Michael Schultz,29463
Michael Schultz,44634
Peter Sollett,12182
Peter Sollett,306745
Peter Sollett,25461
Bob Dolman,9034
Greg Coolidge,9794
David Lowery,294272
Ciaran Foy,283445
Salim Akil,88036
Salim Akil,57119
Olatunde Osunsanmi,22824
Leon Ichaso,39349
Joseph Zito,15983
Joseph Zito,9730
Patricia Rozema,8359
Rob Schmidt,9902
Ben Garant,10090
Morgan Spurlock,164558
Morgan Spurlock,58492
Morgan Spurlock,9372
Neal Brennan,19905
Tuck Tucker,17710
Theodore Witcher,27322
Joel Edgerton,328425
Jim Hanon,14120
Michael Patrick Jann,10490
Jorma Taccone,37931
Jeff Lowell,13160
Lorene Scafaria,88005
Marcus Dunstan,134597
Timothy Bjorklund,24034
François Girard,14283
Scott Kalvert,13201
Jason Bateman,209403
David Schwimmer,7942
David Schwimmer,44945
Allan Arkush,73247
Eric Bross,34043
Eric Bross,78814
Dan Fogelman,256924
Jay Duplass,82532
Jay Duplass,39053
Jay Duplass,5759
Jay Duplass,24055
Luca Guadagnino,41110
John Putch,134371
Peter Medak,2088
Terence Davies,25520
Harley Cokeliss,27342
Tom Brady,67911
Jason Zada,329440
Noah Baumbach,252512
Noah Baumbach,121986
Noah Baumbach,10707
Eric Blakeney,29076
Rakesh Roshan,32740
Derrick Borte,41479
Richard Kwietniowski,15394
Richard Kwietniowski,47452
Bob Odenkirk,10071
Bob Odenkirk,9809
Joshua Seftel,13191
Vincent Gallo,12703
Vincent Gallo,9464
Claude Chabrol,64559
Claude Chabrol,10930
Jon Stewart,222649
Bigas Luna,115872
Ralph Fiennes,101173
Dan Harris,25350
Mel Smith,10034
Bobcat Goldthwait,20178
Jake Scott,31007
Alan Metter,11546
Rafa Lara,184374
Alan Smithee,78149
Michael Meredith,24663
Julio DePietro,39037
Katherine Dieckmann,22805
Kim Farrant,245846
Scott Marshall Smith,15017
Álex de la Iglesia,12245
Andrew Traucki,49787
Michael Clancy,16358
Robert Adetuyi,66767
Kari Skogland,17622
Taedong Park,283671
Benedikt Erlingsson,217708
Gurinder Chadha,42057
Gurinder Chadha,57825
Gurinder Chadha,455
Jason Connery,17577
Vic Sarin,14608
Vic Sarin,37206
Jim Issa,34417
William Phillips,43090
Andy García,9700
Sarik Andreasyan,250066
Julian Gilbey,208869
Julian Gilbey,81390
Gary Sherman,10306
Valeri Milev,106845
Stanley Kramer,11576
Stanley Kramer,821
Pedro Almodóvar,219
Gerald Potterton,11827
Anurag Basu,37737
Kriv Stenders,66125
Yash Chopra,132316
Yash Chopra,4251
Floria Sigismondi,27586
Ferzan Ozpetek,40794
Kris Isacsson,10472
Ben Younger,14181
Daniel Taplitz,16428
Tamara Jenkins,8272
Tamara Jenkins,14662
Linda Mendoza,24621
Hart Bochner,14425
Stewart Raffill,10179
Stewart Raffill,55567
Na Hong-jin,293670
Chatrichalerm Yukol,27329
Eric Lavaine,250349
Marc Forby,39806
Ole Christian Madsen,8883
Meiert Avis,17926
André Téchiné,41248
Emily Young,25968
Peter Faiman,9671
Martyn Pick,52010
Roland Suso Richter,11588
Jeremy Sims,43418
Maïwenn,71157
Joby Harold,13483
Ekachai Uekrongtham,327833
Mark Rydell,16323
David E. Talbert,175528
Roger Vadim,8069
Nils Gaup,71805
Ari Sandel,272693
Vondie Curtis-Hall,10696
Tom Elkins,150202
Kang Woo-Suk,19644
John Sayles,62676
John Sayles,57022
John Sayles,26748
John Sayles,72913
Vipul Amrutlal Shah,20360
Ken Loach,1116
Ayan Mukherjee,185008
Mervyn LeRoy,11620
Serdar Akar,11818
James Frawley,11176
Dan Gilroy,242582
Jonathan Dayton,773
Chris Stokes,14114
Chris Stokes,114635
Don Siegel,10734
Martin Lawrence,28121
Martin Lawrence,20337
Masayuki Ochiai,10885
Tom Gormican,225565
Ken Shapiro,16471
Justin Tipping,385736
Peter R. Hunt,668
Doug Atchison,13751
Jonas Elmer,14536
Mary Harron,1359
Erik Canuel,15049
Troy Duffy,22821
Troy Duffy,8374
Nicole Holofcener,209263
Nicole Holofcener,8998
Nicole Holofcener,40247
Nicole Holofcener,49963
Nicole Holofcener,50035
Matty Rich,59930
Matty Rich,94072
Fina Torres,14629
François Ozon,1958
François Ozon,302
Ryan Fleck,43923
Ryan Fleck,7859
Steve James,26306
Steve James,14275
Michael Winner,110683
Tomm Moore,26963
John Carney,198277
John Carney,5723
David Jacobson,7870
Michael Corrente,13072
Michael Corrente,14578
Edward Hall,153397
Keith Gordon,30141
Andrew Currie,10288
Luke Wilson,12183
Marc Schölermann,12192
Coky Giedroyc,36597
Robert Moresco,13197
Thomas Vinterberg,10913
Thomas Vinterberg,103663
Thomas Vinterberg,309
Claudia Llosa,251321
Charles Binamé,49081
Keith Parmer,256687
Ol Parker,1544
Ol Parker,90369
James Nunn,182873
David Webb Peoples,21512
Michael Winnick,389425
Stanley Tong,33542
David Oelhoffen,283708
Eli Roth,1691
Eli Roth,1690
Eli Roth,171424
Tony Richardson,11308
Tony Richardson,5769
Charles Robert Carner,15365
Russell Holt,36046
Claude Miller,55903
Sacha Bennett,103903
Rodrigo García,73873
Rodrigo García,37080
Jeta Amata,312113
Siddharth Anand,14165
Vincent Paronnaud,2011
Dennis Gansel,7735
Daniel Barber,25941
Robert Marcarelli,29064
Ernie Barbarash,326284
Ernie Barbarash,270938
Guy Hamilton,681
Guy Hamilton,253
Guy Hamilton,682
Guy Hamilton,17339
Guy Hamilton,658
Guy Hamilton,41830
Adam Brooks,8390
Michael Anderson,10803
James D. Stern,24977
Matt Bettinelli-Olpin,79316
Sharron Miller,77156
Aaron Schneider,44718
Tom Ford,34653
Tony Maylam,13006
Mitch Davis,16651
Mitch Davis,340816
Kevin Brodie,104896
Lynne Ramsay,71859
Lynne Ramsay,18602
John Stephenson,226354
Tim Chambers,48620
Dick Richards,25388
Bob Gosse,30128
Alex Zamm,31535
Spencer Susser,44835
Thaddeus O'Sullivan,24985
Shari Springer Berman,47088
Shari Springer Berman,2771
Aleksey German,110402
Stephen Milburn Anderson,27004
Richard E. Grant,15013
David Lam,277519
Vladlen Barbe,164372
Richard Rich,294512
Robert C. Cooper,13001
Kim Nguyen,325373
Jackie Earle Haley,334527
Max Färberböck,2211
Arie Posin,13919
Damian Nieman,14576
Mark Tonderai,82505
Ian Fitzgibbon,41009
Rachel Perkins,38415
Luis Valdez,16620
Alan Alda,25113
Louis Morneau,10496
Caroline Link,1591
Sterling Van Wagenen,14631
Zal Batmanglij,87499
Zal Batmanglij,86812
Hans Petter Moland,26665
Oren Moverman,28089
Ian Sharp,62255
Wolfgang Becker,338
Dan O'Bannon,10925
George Roy Hill,642
George Roy Hill,9277
Robert Stevenson,433
Gary Hardwick,20322
King Vidor,32275
King Vidor,29996
King Vidor,3060
Fred Savage,14144
Sammo Hung,10622
Rusty Cundieff,25066
Dominique Othenin-Girard,11361
Jean-Jacques Mantello,57612
Risa Bramon Garcia,15256
Brian Klugman,83686
Matt Piedmont,80304
Raymond De Felitta,28053
John Michael McDonagh,67913
Deb Hagan,13991
Zach Cregger,19556
Zach Braff,231576
Zach Braff,401
Mark Tarlov,16172
John Cameron Mitchell,13403
John Cameron Mitchell,27585
John Cameron Mitchell,1378
Jon Knautz,347764
Jon Knautz,16205
Jon Knautz,312791
David Atkins,20794
Patrick Stettner,31064
Patrick Stettner,9782
Sam Peckinpah,576
Sam Peckinpah,11577
Sam Peckinpah,29715
Sam Peckinpah,23330
Michael Crichton,11583
Sylvio Tabet,27549
Rick Bieber,59728
Joey Lauren Adams,7547
Fred Zinnemann,42222
Fred Zinnemann,874
Fred Zinnemann,27029
Fred Zinnemann,11426
Fred Zinnemann,288
S.R. Bindler,13827
Greg Marcks,9282
Perry Lang,38940
Jake Goldberger,35689
William Kaufman,58626
William Kaufman,329540
Jim O'Hanlon,183894
Cédric Klapisch,1555
Cédric Klapisch,11956
Kate Barker-Froyland,244783
Martin Koolhoven,16564
Charles Matthau,168027
Christopher Bessette,135595
Prachya Pinkaew,8982
Gary Sinyor,89861
Ashish R. Mohan,147767
Darren Grant,16186
Joseph Gordon-Levitt,138697
William Sachs,33155
Christophe Barratier,5528
Émile Gaudreault,321
James Cox,4997
James Cox,18808
James Cox,153795
James Toback,27451
James Toback,32456
Aki Kaurismäki,73532
Hitoshi Matsumoto,193722
Rakeysh Omprakash Mehra,7913
Collin Schiffli,253253
George Ratliff,51995
Shane Meadows,22908
Shane Meadows,11798
Shane Meadows,22913
Shane Meadows,12877
Jon Wright,84204
Michael McGowan,25248
Liv Ullmann,230266
Rohan Sippy,63006
Dan Trachtenberg,333371
David F. Sandberg,345911
Stiles White,242512
Eugenio Derbez,211954
Henry Koster,29912
Patty Jenkins,504
Christopher B. Landon,227348
David Gelb,243940
Mike Flanagan,157547
Mike Flanagan,74777
Nat Faxon,147773
Doug McHenry,16096
George T. Miller,24266
Maurice Joyce,16508
Robert Duvall,2895
Frank Perry,15660
Jesse Peretz,59968
Jesse Peretz,118452
Ice Cube,19848
Richard Glatzer,284293
Richard Glatzer,64499
Michael Curtiz,24973
Michael Curtiz,43884
Michael Curtiz,289
Bruce Malmuth,21610
Rob Hedden,10283
Harmony Korine,122081
Joe Chappelle,10987
Mickey Liddell,14745
Fred Walton,24913
Steve Carver,14854
Gonzalo López-Gallego,50357
Christine Jeffs,13090
Don Coscarelli,16441
Don Coscarelli,15158
Don Coscarelli,9707
Michael Tiddes,351819
Michael Tiddes,184345
Michael Tiddes,139038
Bill Duke,14834
Frank Borzage,22649
Mamoru Hosoda,20455
Brian Dannelly,13193
Denys Arcand,11042
J.S. Cardone,12484
Jay Levey,11959
Nicholaus Goossen,9900
Scott Marshall,21014
Ronan Chapalain,78394
Xavier Beauvois,46332
Randall Miller,13996
Jerry Belson,3028
Dan Rush,45658
Michael Cuesta,245916
Michael Cuesta,18734
Fenton Bailey,1415
Fenton Bailey,12228
Jeremy Saulnier,313922
Jeremy Saulnier,188166
Billy Kent,14474
James Manera,199933
Feroz Abbas Khan,38428
Errol Morris,8847
Dennis Hopper,39269
Eli Craig,46838
Nicholas Fackler,51384
Richard Wallace,56930
Morgan J. Freeman,41730
Morgan J. Freeman,125052
Matthew Hastings,18442
Klaus Menzel,71547
Oren Peli,57876
Oren Peli,23827
Paul Andrew Williams,13849
Paul Andrew Williams,14823
nan,19615
William H. Macy,244403
Barrett Esposito,292481
Vicky Jewson,299552
Marcia Bennett,113406
nan,447027
Stanton Barrett,361159
Jiří Menzel,12555
Fatih Akin,31175
Nick Murphy ,77949
Nick Murphy ,395766
Frank LaLoggia,49365
Jeremy Brock,11404
Scott Foley,300706
Christophe Ali,40185
Gabriela Tagliavini,68202
Shona Auerbach,8981
Leonard Farlinger,10914
Michel Leclerc,50848
Analeine Cal y Mayor,166624
Tom Kalin,10822
Robert Sarkies,10844
John Huston,10339
John Huston,11536
Walter Lang,27686
Walter Lang,60400
Carlos Saura,65749
Jon Erwin,252680
Beto Gómez,66607
Mike van Diem,17139
Jonas Åkerlund,12079
Jonas Åkerlund,95755
Todd Solondz,39800
Todd Solondz,10683
Todd Solondz,11446
René Féret,62116
Barry Skolnick,9991
Johnnie To,13807
Mateo Gil,68818
Lukas Moodysson,12093
Agnieszka Wojtowicz-Vosloo,36419
Kabir Sadanand,281730
Peter DeLuise,362105
Raja Menon,375290
Kevin Sullivan,17663
Nick Love,116613
Nick Love,367551
nan,26379
Ivan Engler,34069
Cecil B. DeMille,27191
Henry Hobson,287424
Mike Figgis,451
Mike Figgis,15059
Duane Journey,165864
Billy Wilder,987
Billy Wilder,284
Billy Wilder,239
Billy Wilder,28580
Lisa Cholodenko,39781
John Sturges,5925
William Arntz,8357
Ed Gass-Donnelly,146203
DJ Pooh,13408
DJ Pooh,47816
James Melkonian,18713
Roger Avary,1809
Roger Avary,507
Allison Anders,5
Allison Anders,142132
Rick de Oliveira,19153
Jeff Franklin,15122
Mike Mills,1546
Mike Mills,55347
Dave McKean,14517
Ron Fricke,89708
Ruggero Deodato,27551
Gavin Wiesen,64678
Mora Stephens,309503
Mars Callahan,14293
Leos Carax,103328
Stefan Schwartz,25719
Robert Lee King,27723
Jorge Ramírez Suárez,242575
Dan Ireland,133575
Fernando León de Aranoa,54580
Jim Mickle,52015
Karim Aïnouz,227975
Sam Levinson,60422
Aleksandr Veledinskiy,225235
Peter H. Hunt,14902
Ruba Nadda,121676
James Whale,22301
Edward Burns,20065
Edward Burns,11363
Edward Burns,16388
Edward Burns,72766
Sean Byrne,46420
Mark Griffiths,158150
Bruce MacDonald,251979
Victor Fleming,770
Victor Fleming,630
Victor Fleming,43306
Richard Raymond,266102
George Sidney,25209
George Sidney,43546
George Sidney,17820
Chris Morris,37495
Andrucha Waddington,29262
Peter Stebbings,34769
Vincente Minnelli,35032
Dagur Kári,5178
Kevin Carraway,352978
Michael Gornick,16288
Richard Brooks,18900
Richard Brooks,261
Richard Brooks,22013
Richard Brooks,36334
Robert Eggers,310131
Michael Martin,40505
Gideon Raff,22007
Louis C.K.,10615
Anthony C. Ferrante,205321
Salvador Carrasco,89540
André Øvredal,46146
Robert Cary,38007
Adam Rapp,14256
Warren P. Sonoda,370464
Amanda Gusack,20055
Avi Nesher,224569
Charles Adelman,39303
Jay Oliva,142061
Charles Ferguson,370662
Charles Ferguson,44639
Charles Ferguson,12901
Mark Young,256740
"Daniel Petrie, Jr.",299145
Antonio Simoncini,241766
Luc Jacquet,1667
Eldar Rapaport,86549
Clark Gregg,13973
Damien Chazelle,244786
Justin Kerrigan,11129
Nathan Frankowski,75861
Karen Moncrieff,13551
Karen Moncrieff,46989
Jonathan Silverman,301748
Eric Styles,108346
Laurent Cantet,8841
John Ford,11697
John Ford,15875
John Ford,13909
John Ford,43266
Max Mayer,22051
Joshua Marston,436
John Gulager,10070
Brandon Cronenberg,125490
Frank Capra,1585
Frank Capra,248
Frank Capra,34106
Frank Capra,3083
Frank Capra,3078
Tod Williams,41436
Jack Sholder,10014
Ted Post,1685
Ted Post,4929
Michael Haigney,10991
Tom McLoughlin,10225
Adam Marcus,10285
John Maclean,223485
Benny Boom,18065
Howard Hawks,3089
Nnegest Likké,30139
Christopher Leitch,15582
Patricia Cardoso,30309
Patricia Cardoso,69640
Damien O'Donnell,10557
Peter M. Cohen,23531
Mel Stuart,252
Anthony Hickox,24126
Tom Schulman,13982
Jill Sprecher,17734
Jill Sprecher,55561
Darren Stein,18892
Darren Stein,219716
David Nixon,35691
Jason Eisener,49010
Enrique Begné,317930
Matthew Bright,11229
Michael Landon Jr.,22488
Michael Landon Jr.,9916
Andrea Arnold,24469
Whit Stillman,82533
Whit Stillman,15389
Leslye Headland,84174
Bobby Roth,34099
Tim Heidecker,79940
Michael Worth,281230
Deon Taylor,38033
Jason Alexander,100975
Conor McPherson,39563
Will Canon,234212
Philip Zlotorynski,27404
Lance Kawas,170480
Francesca Gregorini,71866
Márcio Garcia,192210
Craig Moss,157058
Craig Moss,38570
Michael Jai White,70006
Paolo Monico,79587
Youssef Delara,176077
Darin Scott,260947
Christian Sesma,342502
Monte Hellman,191229
Brian Caunter,43213
Chris D'Arienzo,44594
Isaac Florentine,325173
nan,55831
Heidi Ewing,43942
Leon Ford,66942
Hank Braxtan,356483
John Carl Buechler,10281
Rajkumar Hirani,21461
Victor Nunez,55306
Victor Nunez,47889
Rohit Jugraj,346081
Kresten Vestbjerg Andersen,16016
Alex van Warmerdam,5900
Paweł Pawlikowski,209274
Paweł Pawlikowski,9709
Frank Sebastiano,14137
Stacy Peralta,291
Stacy Peralta,1282
Nacho Vigalondo,14139
Ning Hao,33106
Ning Hao,45380
Tony Giglio,8875
Stanley Donen,872
Joe Cross,72914
John Sullivan,126509
Tommy Lee Wallace,10676
Don Taylor,1687
Leslie Small,181330
Éric Tessier,50538
Alison Maclean,25636
Alice Wu,19316
Sarah Gavron,21074
James Ponsoldt,157386
Joshua Tickell,13518
Tim Boxell,116584
Michael D. Sellers,46849
Reed Cowan,40428
James Dodson,17334
Alex Rivera,20764
John Murlowski,76706
Benni Diez,254472
Danny Perez,332285
Robby Henson,13569
Zackary Adler,356216
Dominic Burns,146631
Carmen Marron,61038
Jason Stone,283384
Jerry Rees,19933
David Hand,756
David Hand,408
David Hand,3170
Jaco Booyens,433715
Danny Steinmann,9731
Jon Gunn,309425
Jon Gunn,26916
Hayley Cloake,14156
Tay Garnett,43610
Shyam Madiraju,360339
Harmage Singh Kalirai,31163
Rita Merson,297621
William Wyler,887
Larry Clark,9517
Larry Clark,9344
Petter Næss,6007
Robert Fontaine,364083
nan,371085
Neil Mcenery-West,347548
Anthony O'Brien,322443
Lloyd Kaufman,28165
Lloyd Kaufman,15239
Lloyd Kaufman,17287
David Robert Mitchell,270303
Robert Mulligan,595
Liu Chia-Liang,12207
Chris Kentis,92182
Chris Kentis,83
Alex Kendrick,72213
Alex Kendrick,14438
Alex Kendrick,18925
Alex Kendrick,17345
Robert Rossen,990
Jack Conway,55604
Sylvain Chomet,9662
Chris Eyre,20862
Elia Kazan,33667
Elia Kazan,702
Elia Kazan,654
Debra Granik,39013
Henry King,43839
Miranda July,1382
Max Joseph,301351
Jim Jarmusch,4816
Kevin Tenney,17994
Ari Folman,8885
nan,48382
Marielle Heller,250124
David Sington,14284
Kelly Reichardt,57120
Kelly Reichardt,26518
Kelly Reichardt,8942
Bob Giraldi,22617
Huck Botko,42889
David Duchovny,24363
Mitchell Lichtenstein,13121
Lance Mungia,24746
nan,325140
Hue Rhodes,27023
nan,20653
Danny Provenzano,67373
Bill Muir,171759
Noah Buschel,35219
Brian Yuzna,28260
Hunter Richards,7515
Laurie Collyer,13075
Aaron Hann,335866
Phil Claydon,18238
Ralph Ziman,22600
John Simpson,12612
Colin Minihan,50698
Conor McMahon,115210
Chris Shadley,34335
Simon Yin,119458
Jeff Crook,20406
Orson Welles,3766
Dave Payne,18616
Brad Copeland,198062
Paul Bunnell,188652
Phil Morrison,174311
Harald Reinl,12602
Tanner Beard,98549
Scott Dow,312793
Derick Martini,309919
Jerry Dugan,299553
Tim Hunter,21309
Richard Ayoade,49020
Jehane Noujaim,159037
Jean-Marc Barr,12838
Remo D'Souza,157293
John Laing,356987
Jamal Hill,295886
Daniel Stamm,38358
Carlos Carrera,542
Benh Zeitlin,84175
J. Lee Thompson,1705
J. Lee Thompson,1688
Maggie Greenwald,62677
Vera Farmiga,50875
Vijay Chandar,260778
Jonathan Wacks,44562
Khyentse Norbu,37232
Tony Krantz,9783
Mitchell Altieri,386826
W.D. Hogan,205126
Corey Grant,98557
Lucky McKee,10894
Richard Boddington,246449
Steven R. Monroe,43947
Mark Illsley,24066
Ritesh Batra,191714
Sally Potter,25312
Brad J. Silverman,206284
Dave Meyers,27455
David M. Matthews,66468
Nadine Labaki,7973
Lluís Quílez,283686
Eytan Fox,15976
Romesh Sharma,74084
François Truffaut,1651
Adam Goldberg,25428
Travis Zariwny,298584
Adrienne Shelly,10758
Newt Arnold,11690
Alex Cox,13820
Fabián Bielinsky,18079
Dror Moreh,127918
Rebecca Miller,17113
Maggie Carey,129139
Henry Bean,4012
Simeon Rice,323271
Jeff Garlin,13066
Qasim Basir,66025
Adam Green,11908
Charlie Chaplin,3082
Pete Jones,39541
Bruce Campbell,1961
Adam Carolla,291362
Bruce McDonald,23963
James Mottern,29406
nan,361505
Gerard Johnstone,253306
Robert Greenwald,29595
Robert Greenwald,40862
David Ray,46729
David Rodriguez,294600
Nae Caranfil,137347
David Winning,290370
Frank Lotito,426469
Timothy Woodward Jr.,356841
Tara Subkoff,301325
Russell Friedenberg,347755
Lucrecia Martel,44413
Edward Dmytryk,39209
Zak Penn,48463
Alex Ranarivelo,394047
Mathieu Amalric,266034
David Worth,280381
Leslie H. Martinson,2661
Robert M. Young,218500
Steve Buscemi,27845
Steve Buscemi,7301
Ham Tran,25784
Rich Cowan,52790
Boris Rodriguez,100275
Sadyk Sher-Niyaz,295914
Paul Donovan,42033
Jonathan Kesselman,19187
Arjun Sablok,46415
Tyler Oliver,27588
Douglas Cheek,23730
Michael D. Olmos,84197
Deryck Broom,46256
Henry Hathaway,19997
Giovanni Zelko,357834
Claudia Sainte-Luce,215924
Jamie Babbit,20770
Jamie Babbit,9813
David Boyd,176124
Anna Muylaert,310569
Steve Taylor,98369
nan,114065
James David Pasternak,49951
Laurent Bouhnik,86331
Tom Sanchez,355629
David Caffrey,16433
Adam Jay Epstein,15544
Justin Thomas Ostensen,107315
nan,137955
Ossie Davis,59917
Jay Alaimo,157422
Dylan Bank,310933
Rob McKittrick,7553
Jeff Burr,39895
nan,102840
Guy Maddin,55616
Regardt van den Bergh,29697
Panos Cosmatos,50037
Gareth Evans,94329
Matthew R. Anderson,53502
Joe Marino,202604
Joel Anderson,27374
Shimit Amin,26815
Douglas Trumbull,811
Mona Lerche,244776
Levan Gabriadze,277685
Bradley Parker,93856
Clive Barker,9003
Harold Cronk,347126
Takao Okawara,10643
Duncan Tucker,546
Russ Meyer,5722
Robert D. Webb,39833
Allan Dwan,18712
Andrew Steggall,361475
Ben Lewin,113947
Robert Kenner,18570
Andrew Erwin,83860
Craig Johnson,244772
Sean Durkin,50837
Gillian Robespierre,248774
Courtney Hunt,10183
Morgan Neville,159014
Chris Paine,13508
Greg Berlanti,22597
Marc Levin,37532
Richard Dutcher,26791
Khalid Mohammed,56666
nan,47686
Gia Coppola,192132
Scandar Copti,24424
Goran Dukic,13198
Mike Cahill,244267
Mike Cahill,55420
Kyle Rankin,21413
Joshua Oppenheimer,123678
Alex Gibney,13362
Paul Crowder,39183
Rohit Jagessar,62402
Anthony Powell,201132
Kief Davidson,251471
Johnny Remo,112456
Vivek Agnihotri,20296
Ti West,25983
Ti West,58428
Nick Tomnay,66195
Nickolas Perry,46727
Dan Zukovic,55180
Becky Smith,91122
Eric Nicholas,18206
Benjamin Dickinson,320146
Hal Haberman,13856
Frank Whaley,99826
Amat Escalante,186935
nan,357441
Katherine Brooks,19344
David Cross,242083
Randall Rubin,18869
Robert Bennett,26673
Mary Pat Kelly,37694
Lori Petty,63287
Charlie Levi,335874
Kevin Hamedani,34592
David DeCoteau,92635
David DeCoteau,272724
Mikel Rueda,258755
Stefan C. Schaefer,96534
Michael Taliferro,21283
Katie Aselton,84178
Robert Heath,101179
D. Stevens,52462
Jeffrey St. Jules,269057
Robert Hall,287524
Kevin King,206213
Jonathan Meyers,248402
Ralph Nelson,29146
Blair Erickson,207769
Allison Burnett,271185
Richard Schenkman,29731
Richard Schenkman,13363
Kat Coiro,91070
Cristian Mungiu,2009
Joseph Graham,323270
Maryam Keshavarz,60421
Ramaa Mosley,127867
C. Jay Cox,15708
C. Jay Cox,19844
Mariette Monpierre,146882
Tommy Oliver,215918
Jamie Travis,84200
Rich Christiano,45767
Natalie Bible',343409
Asghar Farhadi,60243
Justin Molotnikov,57294
G.W. Pabst,905
nan,279759
Jorge Gaggero,78705
Michael Burke,26899
Catherine Jelski,146269
Shane Dawson,292483
Ryan Little,10105
Clark Baker,211557
Dave Willis,13158
Ben Wheatley,74725
Ben Wheatley,42151
Olly Blackburn,13429
Christopher Hutson,22530
David LaChapelle,2287
Caryn Waechter,206197
Emily Dell,26837
Valerie Red-Horse,302579
Christopher Scott Cherot,51955
H.M. Coakley,376004
Randy Moore,158752
Chris Atkins,40658
Bill Benenson,296943
Ryan Smith,118612
Travis Romero,138976
Anna Mastro,323967
Mark Sandrich,3080
Daniel Myrick,2667
Michael Wadleigh,9459
Gene Teigland,181940
Scott Ziehl,125263
Richard Montoya,263503
Johanna Schwartz,324322
nan,331493
Thomas Lilti,375950
Michael Walker,278348
U. Roberto Romano,70875
Amy Holden Jones,75986
Blaž Završnik,385636
Pan Nalin,211086
Pan Nalin,73981
Joe Camp,23069
Matt Walsh,89857
John 'Bud' Cardos,30315
Marilyn Agrelo,14358
Brian Baugh,41144
Patrick Creadon,35199
Barry W. Blaustein,14271
Kurt Hale,16653
Kurt Hale,36825
Siddiq Barmak,14757
Joseph Dorman,84401
Greg Harrison,23655
Greg Harrison,1424
Jacob Aaron Estes,12281
Eric Schaeffer,96238
Neema Barnette,30246
Joe Swanberg,172533
Joe Swanberg,244534
Molly Bernstein,180383
Marius Markevicius,84318
Tom DiCillo,45145
Quentin Dupieux,45649
Alex Smith,21801
Gareth Edwards,43933
Jonathan Parker,73511
Sol Tryon,43653
Alex Craig Mann,139715
Stephen Kijak,30867
William Gazecki,294550
Michael Hoffman Jr.,117942
nan,380097
Georgia Hilton,322194
Jack Heller,98568
Fernando Baez Mella,119657
Warren Sheppard,380733
Justin Paul Miller,362765
Joel Paul Reisig,379532
Joel Paul Reisig,306667
Catherine Gund,253261
nan,297100
nan,325579
Hans Canosa,15624
Matthew Watts,198370
Lloyd Bacon,3062
nan,328307
Kay Pollak,464
Eric England,308467
Sue Corcoran,281189
Jonathan Caouette,1435
nan,47546
Matt Jackson,189711
Lucio Fulci,19204
Paul Fox,18045
nan,43743
Cassandra Nicolaou,157909
Ingmar Bergman,10238
D.W. Griffith,3059
Roger Nygard,15800
Harry Beaumont,65203
Franck Khalfoun,103620
Mor Loushy,319069
Henry Alex Rubin,14278
Sam Firstenberg,25678
Doug Block,79161
Chad Kapper,371690
Paul Fierlinger,52032
Yorgos Lanthimos,38810
Lauren Lazin,21525
Gregory Widen,11980
Niall Johnson,162396
Eric Mendelsohn,68412
Jean-Luc Godard,2786
Jean-Luc Godard,40652
Kim Longinotto,87943
Michael Roemer,91721
Eddie O'Flaherty,47534
Babar Ahmed,40914
John D. Hancock,365052
Paul Bartel,13282
Jason Marsden,250184
Pece Dingo,426067
Jerome Elston Scott,324352
Étienne Faure,318040
Herb Freed,27420
Jack Perez,80468
Craig Zobel,84188
nan,300327
Maria Maggenti,29371
Piyush Dinker Pandya,32222
nan,378237
Emma-Kate Croghan,76996
Bill Plympton,51942
Drake Doremus,60420
nan,325123
Michael Kang,20520
Lori Silverbush,78307
Stuart Hazeldine,29917
Hilary Brougher,70687
Rachel Goldenberg,60463
Corbin Bernsen,46252
Jamin Winans,24869
Tom Seidman ,77934
Matt Cimber,34697
nan,320435
Andrew Hyatt,150211
Kristin Rizzo,274758
nan,40963
Zoran Lisinac,173224
James O'Brien,376010
Tom Putnam,139948
Jon Matthews,77332
Al Silliman Jr.,70478
Eugène Lourié,35073
Lowell Sherman,43595
nan,194588
David Evans ,54897
Sherman Alexie,40920
Justin Dillon,287815
Stevan Mena,54702
Livingston Oden,402515
Chris Marker,126141
Carl Theodor Dreyer,48035
Marianna Palka,14758
Ricki Stern,37985
Nadia Tass,25786
James Kerwin,36549
Darren Press,361398
Rania Attieh,289180
Sharon Greytak,288927
Majid Majidi,21334
Andrew Haigh,79120
Cary Bell,253290
Nicolae Constantin Tanase,344466
Melvin Van Peebles,5822
Ken Roht,408429
Robinson Devor,28666
Michel O. Scott,30979
Pat Holden,50497
Eric Bugbee,354624
Bill Melendez,13187
Dena Seidel,335244
Deborah Anderson,178862
Sara Newens,331745
Sai Varadan,282128
nan,38786
Lynn Shelton,84355
David Hewlett,18632
Nate Parker,339408
Nathan Smith Jones,266857
Travis Cluff,299245
Robert Townsend,34101
Jamaa Fanaka,65448
Larry Blamire,18841
Stephen Langford,272726
E.L. Katz,175291
Lisanne Pajot,80215
Dan Reed,13538
John Reinhardt,51130
Patrick Ryan Sims,270554
László Benedek,72086
Jason Miller,268917
Sut Jhally,64973
Julie Davis,90414
Myles Berkowitz,111794
Brett Piper,360188
Brandon Trost,85860
Joseph Green,33468
Wade Gasque,294086
Daniel Schechter,139998
Matt Johnson,159770
Bruno Barreto,42109
Lena Dunham,47607
Terron R. Parsons,193603
Daniel Mellitz,84659
Jem Cohen,322745
Andrew Leman,20981
Dave Carroll,174362
William Eubank,242095
Patrick Meaney,250902
Chad Hartigan,158895
Malcolm Goodwin,222250
Kevin Jordan,125537
Kirk Loudon,326576
Travis Legge,228550
Travis Legge,255266
Collin Joseph Neal,290391
Bradley Rust Gray,44770
Mike Bruce,69382
Andrew Bujalski,40769
Andrew Bujalski,33693
Damir Catic,220490
James Bidgood,42497
Eric Eason,185465
Joseph Mazzella,366967
Marcus Nispel,226458
Jim Chuchu,287625
Daryl Wein,44990
Jason Trost,86304
Jafar Panahi,13898
Ivan Kavanagh,157185
Kiyoshi Kurosawa,36095
Tadeo Garcia,182291
Thomas L. Phillips,286939
Ash Baron-Cohen,124606
Shane Carruth,14337
Neill Dela Llana,67238
Scott Smith,231617
Daniel Hsia,126186
Brian Herzlinger,25975
